scenario_id,attack_type,attack_rate,attack_severity,configuration_id,comparison_type,classifier,reference_classifier,metric,paired_seed_count,mean_difference,std_difference,ci95_low,ci95_high,reference_configuration_id
quantity_manipulation__r0p05__medium,quantity_manipulation,0.05,MEDIUM,none_natural,logistic_regression_minus_decision_tree,logistic_regression,decision_tree,average_precision,5,-0.7415256328858536,0.007571591427469091,-0.7509270053704576,-0.7321242604012496,
quantity_manipulation__r0p05__medium,quantity_manipulation,0.05,MEDIUM,none_natural,logistic_regression_minus_decision_tree,logistic_regression,decision_tree,f1,5,-0.40708517162480107,0.2600375520872603,-0.729964438232845,-0.08420590501675723,
quantity_manipulation__r0p05__medium,quantity_manipulation,0.05,MEDIUM,none_natural,logistic_regression_minus_decision_tree,logistic_regression,decision_tree,recall,5,-0.4133333333333333,0.0862489935529041,-0.520425603509368,-0.3062410631572986,
quantity_manipulation__r0p05__medium,quantity_manipulation,0.05,MEDIUM,pairwise_correlation_filter_natural,logistic_regression_minus_decision_tree,logistic_regression,decision_tree,average_precision,5,-0.7415258768689397,0.00757044451968605,-0.7509258252794403,-0.732125928458439,
quantity_manipulation__r0p05__medium,quantity_manipulation,0.05,MEDIUM,pairwise_correlation_filter_natural,logistic_regression_minus_decision_tree,logistic_regression,decision_tree,f1,5,-0.40708517162480107,0.2600375520872603,-0.729964438232845,-0.08420590501675723,
quantity_manipulation__r0p05__medium,quantity_manipulation,0.05,MEDIUM,pairwise_correlation_filter_natural,logistic_regression_minus_decision_tree,logistic_regression,decision_tree,recall,5,-0.4133333333333333,0.0862489935529041,-0.520425603509368,-0.3062410631572986,
quantity_manipulation__r0p05__medium,quantity_manipulation,0.05,MEDIUM,mutual_information_select_k_best_k11,logistic_regression_minus_decision_tree,logistic_regression,decision_tree,average_precision,5,-0.7423473384374873,0.01163141144307127,-0.7567896432746557,-0.727905033600319,
quantity_manipulation__r0p05__medium,quantity_manipulation,0.05,MEDIUM,mutual_information_select_k_best_k11,logistic_regression_minus_decision_tree,logistic_regression,decision_tree,f1,5,-0.4270250031122066,0.2755190070375689,-0.7691270349718773,-0.0849229712525359,
quantity_manipulation__r0p05__medium,quantity_manipulation,0.05,MEDIUM,mutual_information_select_k_best_k11,logistic_regression_minus_decision_tree,logistic_regression,decision_tree,recall,5,-0.3513333333333334,0.07093032575077539,-0.43940496519900657,-0.2632617014676602,
value_manipulation__r0p05__medium,value_manipulation,0.05,MEDIUM,none_natural,logistic_regression_minus_decision_tree,logistic_regression,decision_tree,average_precision,5,-0.02996127875058378,0.02905825918630201,-0.06604187303271747,0.006119315531549912,
value_manipulation__r0p05__medium,value_manipulation,0.05,MEDIUM,none_natural,logistic_regression_minus_decision_tree,logistic_regression,decision_tree,f1,5,-0.03622961915099333,0.046685658261307605,-0.09419752024654919,0.021738281944562537,
value_manipulation__r0p05__medium,value_manipulation,0.05,MEDIUM,none_natural,logistic_regression_minus_decision_tree,logistic_regression,decision_tree,recall,5,0.18666666666666668,0.13230856191326226,0.02238388868472463,0.3509494446486087,
value_manipulation__r0p05__medium,value_manipulation,0.05,MEDIUM,pairwise_correlation_filter_natural,logistic_regression_minus_decision_tree,logistic_regression,decision_tree,average_precision,5,-0.0299617254725419,0.02905655488636822,-0.06604020358680565,0.006116752641721856,
value_manipulation__r0p05__medium,value_manipulation,0.05,MEDIUM,pairwise_correlation_filter_natural,logistic_regression_minus_decision_tree,logistic_regression,decision_tree,f1,5,-0.03622961915099333,0.046685658261307605,-0.09419752024654919,0.021738281944562537,
value_manipulation__r0p05__medium,value_manipulation,0.05,MEDIUM,pairwise_correlation_filter_natural,logistic_regression_minus_decision_tree,logistic_regression,decision_tree,recall,5,0.18666666666666668,0.13230856191326226,0.02238388868472463,0.3509494446486087,
value_manipulation__r0p05__medium,value_manipulation,0.05,MEDIUM,mutual_information_select_k_best_k11,logistic_regression_minus_decision_tree,logistic_regression,decision_tree,average_precision,5,-0.044221549392199556,0.044562251416066796,-0.09955289265447838,0.011109793870079265,
value_manipulation__r0p05__medium,value_manipulation,0.05,MEDIUM,mutual_information_select_k_best_k11,logistic_regression_minus_decision_tree,logistic_regression,decision_tree,f1,5,-0.044803243944309915,0.04178000594229759,-0.09667997316764139,0.00707348527902156,
value_manipulation__r0p05__medium,value_manipulation,0.05,MEDIUM,mutual_information_select_k_best_k11,logistic_regression_minus_decision_tree,logistic_regression,decision_tree,recall,5,0.24800000000000005,0.10385887861259943,0.11904216953281796,0.3769578304671821,
shipping_delivery_manipulation__r0p05__medium,shipping_delivery_manipulation,0.05,MEDIUM,none_natural,logistic_regression_minus_decision_tree,logistic_regression,decision_tree,average_precision,5,0.002889711209767462,0.004731719505665238,-0.002985494550020245,0.00876491696955517,
shipping_delivery_manipulation__r0p05__medium,shipping_delivery_manipulation,0.05,MEDIUM,none_natural,logistic_regression_minus_decision_tree,logistic_regression,decision_tree,f1,5,0.03987380645047035,0.042279727637743784,-0.012623409211218503,0.09237102211215921,
shipping_delivery_manipulation__r0p05__medium,shipping_delivery_manipulation,0.05,MEDIUM,none_natural,logistic_regression_minus_decision_tree,logistic_regression,decision_tree,recall,5,0.282,0.13831525986351292,0.1102589214251414,0.45374107857485857,
shipping_delivery_manipulation__r0p05__medium,shipping_delivery_manipulation,0.05,MEDIUM,pairwise_correlation_filter_natural,logistic_regression_minus_decision_tree,logistic_regression,decision_tree,average_precision,5,0.002888933249872938,0.004733816693581207,-0.002988876512647499,0.008766743012393375,
shipping_delivery_manipulation__r0p05__medium,shipping_delivery_manipulation,0.05,MEDIUM,pairwise_correlation_filter_natural,logistic_regression_minus_decision_tree,logistic_regression,decision_tree,f1,5,0.03987380645047035,0.042279727637743784,-0.012623409211218503,0.09237102211215921,
shipping_delivery_manipulation__r0p05__medium,shipping_delivery_manipulation,0.05,MEDIUM,pairwise_correlation_filter_natural,logistic_regression_minus_decision_tree,logistic_regression,decision_tree,recall,5,0.282,0.13831525986351292,0.1102589214251414,0.45374107857485857,
shipping_delivery_manipulation__r0p05__medium,shipping_delivery_manipulation,0.05,MEDIUM,mutual_information_select_k_best_k11,logistic_regression_minus_decision_tree,logistic_regression,decision_tree,average_precision,5,-0.00021795812430145945,0.004639339128565374,-0.005978458495703687,0.005542542247100768,
shipping_delivery_manipulation__r0p05__medium,shipping_delivery_manipulation,0.05,MEDIUM,mutual_information_select_k_best_k11,logistic_regression_minus_decision_tree,logistic_regression,decision_tree,f1,5,0.04304891529744494,0.039827016143615106,-0.006402856804001357,0.09250068739889122,
shipping_delivery_manipulation__r0p05__medium,shipping_delivery_manipulation,0.05,MEDIUM,mutual_information_select_k_best_k11,logistic_regression_minus_decision_tree,logistic_regression,decision_tree,recall,5,0.3473333333333333,0.1292370775831078,0.18686430686519412,0.5078023598014725,
transaction_status_manipulation__r0p05__medium,transaction_status_manipulation,0.05,MEDIUM,none_natural,logistic_regression_minus_decision_tree,logistic_regression,decision_tree,average_precision,5,0.002889711209767462,0.004731719505665238,-0.002985494550020245,0.00876491696955517,
transaction_status_manipulation__r0p05__medium,transaction_status_manipulation,0.05,MEDIUM,none_natural,logistic_regression_minus_decision_tree,logistic_regression,decision_tree,f1,5,0.03987380645047035,0.042279727637743784,-0.012623409211218503,0.09237102211215921,
transaction_status_manipulation__r0p05__medium,transaction_status_manipulation,0.05,MEDIUM,none_natural,logistic_regression_minus_decision_tree,logistic_regression,decision_tree,recall,5,0.282,0.13831525986351292,0.1102589214251414,0.45374107857485857,
transaction_status_manipulation__r0p05__medium,transaction_status_manipulation,0.05,MEDIUM,pairwise_correlation_filter_natural,logistic_regression_minus_decision_tree,logistic_regression,decision_tree,average_precision,5,0.002888933249872938,0.004733816693581207,-0.002988876512647499,0.008766743012393375,
transaction_status_manipulation__r0p05__medium,transaction_status_manipulation,0.05,MEDIUM,pairwise_correlation_filter_natural,logistic_regression_minus_decision_tree,logistic_regression,decision_tree,f1,5,0.03987380645047035,0.042279727637743784,-0.012623409211218503,0.09237102211215921,
transaction_status_manipulation__r0p05__medium,transaction_status_manipulation,0.05,MEDIUM,pairwise_correlation_filter_natural,logistic_regression_minus_decision_tree,logistic_regression,decision_tree,recall,5,0.282,0.13831525986351292,0.1102589214251414,0.45374107857485857,
transaction_status_manipulation__r0p05__medium,transaction_status_manipulation,0.05,MEDIUM,mutual_information_select_k_best_k11,logistic_regression_minus_decision_tree,logistic_regression,decision_tree,average_precision,5,-0.00021795812430145945,0.004639339128565374,-0.005978458495703687,0.005542542247100768,
transaction_status_manipulation__r0p05__medium,transaction_status_manipulation,0.05,MEDIUM,mutual_information_select_k_best_k11,logistic_regression_minus_decision_tree,logistic_regression,decision_tree,f1,5,0.04304891529744494,0.039827016143615106,-0.006402856804001357,0.09250068739889122,
transaction_status_manipulation__r0p05__medium,transaction_status_manipulation,0.05,MEDIUM,mutual_information_select_k_best_k11,logistic_regression_minus_decision_tree,logistic_regression,decision_tree,recall,5,0.3473333333333333,0.1292370775831078,0.18686430686519412,0.5078023598014725,
timestamp_manipulation__r0p05__medium,timestamp_manipulation,0.05,MEDIUM,none_natural,logistic_regression_minus_decision_tree,logistic_regression,decision_tree,average_precision,5,0.0030711566508433196,0.004144872313842899,-0.002075382078411031,0.00821769538009767,
timestamp_manipulation__r0p05__medium,timestamp_manipulation,0.05,MEDIUM,none_natural,logistic_regression_minus_decision_tree,logistic_regression,decision_tree,f1,5,0.04290507038261391,0.04208196060344555,-0.009346585072555105,0.09515672583778292,
timestamp_manipulation__r0p05__medium,timestamp_manipulation,0.05,MEDIUM,none_natural,logistic_regression_minus_decision_tree,logistic_regression,decision_tree,recall,5,0.29800000000000004,0.14677268895207385,0.11575763620850577,0.4802423637914943,
timestamp_manipulation__r0p05__medium,timestamp_manipulation,0.05,MEDIUM,pairwise_correlation_filter_natural,logistic_regression_minus_decision_tree,logistic_regression,decision_tree,average_precision,5,0.0030710016547537537,0.004144583220594683,-0.0020751781178221635,0.00821718142732967,
timestamp_manipulation__r0p05__medium,timestamp_manipulation,0.05,MEDIUM,pairwise_correlation_filter_natural,logistic_regression_minus_decision_tree,logistic_regression,decision_tree,f1,5,0.04290507038261391,0.04208196060344555,-0.009346585072555105,0.09515672583778292,
timestamp_manipulation__r0p05__medium,timestamp_manipulation,0.05,MEDIUM,pairwise_correlation_filter_natural,logistic_regression_minus_decision_tree,logistic_regression,decision_tree,recall,5,0.29800000000000004,0.14677268895207385,0.11575763620850577,0.4802423637914943,
timestamp_manipulation__r0p05__medium,timestamp_manipulation,0.05,MEDIUM,mutual_information_select_k_best_k11,logistic_regression_minus_decision_tree,logistic_regression,decision_tree,average_precision,5,-0.00013855048581153245,0.0033892471213201564,-0.004346856617373861,0.004069755645750795,
timestamp_manipulation__r0p05__medium,timestamp_manipulation,0.05,MEDIUM,mutual_information_select_k_best_k11,logistic_regression_minus_decision_tree,logistic_regression,decision_tree,f1,5,0.04481531190595572,0.039628811496062996,-0.004390356620348264,0.0940209804322597,
timestamp_manipulation__r0p05__medium,timestamp_manipulation,0.05,MEDIUM,mutual_information_select_k_best_k11,logistic_regression_minus_decision_tree,logistic_regression,decision_tree,recall,5,0.35733333333333334,0.1224381930245261,0.2053062370495352,0.5093604296171315,
geographic_route_manipulation__r0p05__medium,geographic_route_manipulation,0.05,MEDIUM,none_natural,logistic_regression_minus_decision_tree,logistic_regression,decision_tree,average_precision,5,0.002889711209767462,0.004731719505665238,-0.002985494550020245,0.00876491696955517,
geographic_route_manipulation__r0p05__medium,geographic_route_manipulation,0.05,MEDIUM,none_natural,logistic_regression_minus_decision_tree,logistic_regression,decision_tree,f1,5,0.03987380645047035,0.042279727637743784,-0.012623409211218503,0.09237102211215921,
geographic_route_manipulation__r0p05__medium,geographic_route_manipulation,0.05,MEDIUM,none_natural,logistic_regression_minus_decision_tree,logistic_regression,decision_tree,recall,5,0.282,0.13831525986351292,0.1102589214251414,0.45374107857485857,
geographic_route_manipulation__r0p05__medium,geographic_route_manipulation,0.05,MEDIUM,pairwise_correlation_filter_natural,logistic_regression_minus_decision_tree,logistic_regression,decision_tree,average_precision,5,0.002888933249872938,0.004733816693581207,-0.002988876512647499,0.008766743012393375,
geographic_route_manipulation__r0p05__medium,geographic_route_manipulation,0.05,MEDIUM,pairwise_correlation_filter_natural,logistic_regression_minus_decision_tree,logistic_regression,decision_tree,f1,5,0.03987380645047035,0.042279727637743784,-0.012623409211218503,0.09237102211215921,
geographic_route_manipulation__r0p05__medium,geographic_route_manipulation,0.05,MEDIUM,pairwise_correlation_filter_natural,logistic_regression_minus_decision_tree,logistic_regression,decision_tree,recall,5,0.282,0.13831525986351292,0.1102589214251414,0.45374107857485857,
geographic_route_manipulation__r0p05__medium,geographic_route_manipulation,0.05,MEDIUM,mutual_information_select_k_best_k11,logistic_regression_minus_decision_tree,logistic_regression,decision_tree,average_precision,5,-0.00021795812430145945,0.004639339128565374,-0.005978458495703687,0.005542542247100768,
geographic_route_manipulation__r0p05__medium,geographic_route_manipulation,0.05,MEDIUM,mutual_information_select_k_best_k11,logistic_regression_minus_decision_tree,logistic_regression,decision_tree,f1,5,0.04304891529744494,0.039827016143615106,-0.006402856804001357,0.09250068739889122,
geographic_route_manipulation__r0p05__medium,geographic_route_manipulation,0.05,MEDIUM,mutual_information_select_k_best_k11,logistic_regression_minus_decision_tree,logistic_regression,decision_tree,recall,5,0.3473333333333333,0.1292370775831078,0.18686430686519412,0.5078023598014725,
transaction_record_tampering__r0p05__medium,transaction_record_tampering,0.05,MEDIUM,none_natural,logistic_regression_minus_decision_tree,logistic_regression,decision_tree,average_precision,5,-0.4147293218009291,0.018545212379813002,-0.43775624435200394,-0.3917023992498542,
transaction_record_tampering__r0p05__medium,transaction_record_tampering,0.05,MEDIUM,none_natural,logistic_regression_minus_decision_tree,logistic_regression,decision_tree,f1,5,-0.26225371498572775,0.17344342212839783,-0.47761216796798855,-0.046895262003466914,
transaction_record_tampering__r0p05__medium,transaction_record_tampering,0.05,MEDIUM,none_natural,logistic_regression_minus_decision_tree,logistic_regression,decision_tree,recall,5,-0.12000000000000002,0.11095544651395493,-0.25776938334111066,0.01776938334111064,
transaction_record_tampering__r0p05__medium,transaction_record_tampering,0.05,MEDIUM,pairwise_correlation_filter_natural,logistic_regression_minus_decision_tree,logistic_regression,decision_tree,average_precision,5,-0.4147291958526254,0.018546357229488403,-0.4377575399223256,-0.39170085178292524,
transaction_record_tampering__r0p05__medium,transaction_record_tampering,0.05,MEDIUM,pairwise_correlation_filter_natural,logistic_regression_minus_decision_tree,logistic_regression,decision_tree,f1,5,-0.26225371498572775,0.17344342212839783,-0.47761216796798855,-0.046895262003466914,
transaction_record_tampering__r0p05__medium,transaction_record_tampering,0.05,MEDIUM,pairwise_correlation_filter_natural,logistic_regression_minus_decision_tree,logistic_regression,decision_tree,recall,5,-0.12000000000000002,0.11095544651395493,-0.25776938334111066,0.01776938334111064,
transaction_record_tampering__r0p05__medium,transaction_record_tampering,0.05,MEDIUM,mutual_information_select_k_best_k11,logistic_regression_minus_decision_tree,logistic_regression,decision_tree,average_precision,5,-0.4211402989005035,0.028453040777846425,-0.4564694152738071,-0.38581118252719987,
transaction_record_tampering__r0p05__medium,transaction_record_tampering,0.05,MEDIUM,mutual_information_select_k_best_k11,logistic_regression_minus_decision_tree,logistic_regression,decision_tree,f1,5,-0.2791745173294387,0.1962143079502845,-0.5228067594439672,-0.03554227521491021,
transaction_record_tampering__r0p05__medium,transaction_record_tampering,0.05,MEDIUM,mutual_information_select_k_best_k11,logistic_regression_minus_decision_tree,logistic_regression,decision_tree,recall,5,-0.05733333333333335,0.07281635957820345,-0.14774678550192027,0.033080118835253566,
mixed__r0p01__medium,mixed,0.01,MEDIUM,none_natural,logistic_regression_minus_decision_tree,logistic_regression,decision_tree,average_precision,5,-0.1628981195642484,0.038450941362369304,-0.2106412691509843,-0.11515496997751251,
mixed__r0p01__medium,mixed,0.01,MEDIUM,none_natural,logistic_regression_minus_decision_tree,logistic_regression,decision_tree,f1,5,-0.05538330230943095,0.05053598132274552,-0.11813201093183176,0.007365406312969863,
mixed__r0p01__medium,mixed,0.01,MEDIUM,none_natural,logistic_regression_minus_decision_tree,logistic_regression,decision_tree,recall,5,0.1233333333333333,0.10903618155864085,-0.01205296780974785,0.25871963447641444,
mixed__r0p01__medium,mixed,0.01,MEDIUM,pairwise_correlation_filter_natural,logistic_regression_minus_decision_tree,logistic_regression,decision_tree,average_precision,5,-0.1628981772949695,0.03845082256871779,-0.21064117937990512,-0.11515517521003389,
mixed__r0p01__medium,mixed,0.01,MEDIUM,pairwise_correlation_filter_natural,logistic_regression_minus_decision_tree,logistic_regression,decision_tree,f1,5,-0.05538330230943095,0.05053598132274552,-0.11813201093183176,0.007365406312969863,
mixed__r0p01__medium,mixed,0.01,MEDIUM,pairwise_correlation_filter_natural,logistic_regression_minus_decision_tree,logistic_regression,decision_tree,recall,5,0.1233333333333333,0.10903618155864085,-0.01205296780974785,0.25871963447641444,
mixed__r0p01__medium,mixed,0.01,MEDIUM,mutual_information_select_k_best_k11,logistic_regression_minus_decision_tree,logistic_regression,decision_tree,average_precision,5,-0.16156612339826096,0.037516562525525404,-0.20814908842260335,-0.11498315837391856,
mixed__r0p01__medium,mixed,0.01,MEDIUM,mutual_information_select_k_best_k11,logistic_regression_minus_decision_tree,logistic_regression,decision_tree,f1,5,-0.06781780076182038,0.09463887957187035,-0.18532749035664683,0.04969188883300607,
mixed__r0p01__medium,mixed,0.01,MEDIUM,mutual_information_select_k_best_k11,logistic_regression_minus_decision_tree,logistic_regression,decision_tree,recall,5,0.2333333333333333,0.10992421631894102,0.09684439139923307,0.36982227526743355,
mixed__r0p03__medium,mixed,0.03,MEDIUM,none_natural,logistic_regression_minus_decision_tree,logistic_regression,decision_tree,average_precision,5,-0.16722337804071805,0.012733669682423121,-0.18303431725041416,-0.15141243883102193,
mixed__r0p03__medium,mixed,0.03,MEDIUM,none_natural,logistic_regression_minus_decision_tree,logistic_regression,decision_tree,f1,5,-0.09695877008580703,0.08267068127089346,-0.1996079787269352,0.005690438555321156,
mixed__r0p03__medium,mixed,0.03,MEDIUM,none_natural,logistic_regression_minus_decision_tree,logistic_regression,decision_tree,recall,5,0.1255555555555556,0.07714024425648792,0.029773291449553707,0.22133781966155747,
mixed__r0p03__medium,mixed,0.03,MEDIUM,pairwise_correlation_filter_natural,logistic_regression_minus_decision_tree,logistic_regression,decision_tree,average_precision,5,-0.16722329807026817,0.012733703469540376,-0.18303427923221138,-0.15141231690832496,
mixed__r0p03__medium,mixed,0.03,MEDIUM,pairwise_correlation_filter_natural,logistic_regression_minus_decision_tree,logistic_regression,decision_tree,f1,5,-0.09695877008580703,0.08267068127089346,-0.1996079787269352,0.005690438555321156,
mixed__r0p03__medium,mixed,0.03,MEDIUM,pairwise_correlation_filter_natural,logistic_regression_minus_decision_tree,logistic_regression,decision_tree,recall,5,0.1255555555555556,0.07714024425648792,0.029773291449553707,0.22133781966155747,
mixed__r0p03__medium,mixed,0.03,MEDIUM,mutual_information_select_k_best_k11,logistic_regression_minus_decision_tree,logistic_regression,decision_tree,average_precision,5,-0.17176422551708515,0.014237444849660958,-0.1894423482133348,-0.15408610282083549,
mixed__r0p03__medium,mixed,0.03,MEDIUM,mutual_information_select_k_best_k11,logistic_regression_minus_decision_tree,logistic_regression,decision_tree,f1,5,-0.10201895819171658,0.09521812949347193,-0.22024788156015868,0.016209965176725502,
mixed__r0p03__medium,mixed,0.03,MEDIUM,mutual_information_select_k_best_k11,logistic_regression_minus_decision_tree,logistic_regression,decision_tree,recall,5,0.22333333333333333,0.06865102302925254,0.1380918295979852,0.3085748370686815,
mixed__r0p05__medium,mixed,0.05,MEDIUM,none_natural,logistic_regression_minus_decision_tree,logistic_regression,decision_tree,average_precision,5,-0.1709340495470813,0.005336291626686389,-0.17755993074385926,-0.16430816835030335,
mixed__r0p05__medium,mixed,0.05,MEDIUM,none_natural,logistic_regression_minus_decision_tree,logistic_regression,decision_tree,f1,5,-0.10165649112929694,0.07267057391669642,-0.1918889264905361,-0.011424055768057773,
mixed__r0p05__medium,mixed,0.05,MEDIUM,none_natural,logistic_regression_minus_decision_tree,logistic_regression,decision_tree,recall,5,0.11799999999999997,0.09711390791802743,-0.002582843186785991,0.2385828431867859,
mixed__r0p05__medium,mixed,0.05,MEDIUM,pairwise_correlation_filter_natural,logistic_regression_minus_decision_tree,logistic_regression,decision_tree,average_precision,5,-0.17093388738738438,0.005336295785503098,-0.17755977374801532,-0.16430800102675344,
mixed__r0p05__medium,mixed,0.05,MEDIUM,pairwise_correlation_filter_natural,logistic_regression_minus_decision_tree,logistic_regression,decision_tree,f1,5,-0.10165649112929694,0.07267057391669642,-0.1918889264905361,-0.011424055768057773,
mixed__r0p05__medium,mixed,0.05,MEDIUM,pairwise_correlation_filter_natural,logistic_regression_minus_decision_tree,logistic_regression,decision_tree,recall,5,0.11799999999999997,0.09711390791802743,-0.002582843186785991,0.2385828431867859,
mixed__r0p05__medium,mixed,0.05,MEDIUM,mutual_information_select_k_best_k11,logistic_regression_minus_decision_tree,logistic_regression,decision_tree,average_precision,5,-0.17377067240643457,0.008937842037726922,-0.18486846908632107,-0.16267287572654807,
mixed__r0p05__medium,mixed,0.05,MEDIUM,mutual_information_select_k_best_k11,logistic_regression_minus_decision_tree,logistic_regression,decision_tree,f1,5,-0.09966347016469111,0.07237048336577842,-0.189523293892654,-0.00980364643672825,
mixed__r0p05__medium,mixed,0.05,MEDIUM,mutual_information_select_k_best_k11,logistic_regression_minus_decision_tree,logistic_regression,decision_tree,recall,5,0.21000000000000002,0.09116529554118229,0.09680333464081786,0.3231966653591822,
mixed__r0p10__medium,mixed,0.1,MEDIUM,none_natural,logistic_regression_minus_decision_tree,logistic_regression,decision_tree,average_precision,5,-0.18424505130767732,0.004895283055467811,-0.19032334803867346,-0.17816675457668119,
mixed__r0p10__medium,mixed,0.1,MEDIUM,none_natural,logistic_regression_minus_decision_tree,logistic_regression,decision_tree,f1,5,-0.09917679438451077,0.04533891028770233,-0.15547248700658578,-0.04288110176243577,
mixed__r0p10__medium,mixed,0.1,MEDIUM,none_natural,logistic_regression_minus_decision_tree,logistic_regression,decision_tree,recall,5,0.11000000000000001,0.11128666686635116,-0.028180647728153763,0.2481806477281538,
mixed__r0p10__medium,mixed,0.1,MEDIUM,pairwise_correlation_filter_natural,logistic_regression_minus_decision_tree,logistic_regression,decision_tree,average_precision,5,-0.18424470629470918,0.00489458117350051,-0.19032213152413552,-0.17816728106528285,
mixed__r0p10__medium,mixed,0.1,MEDIUM,pairwise_correlation_filter_natural,logistic_regression_minus_decision_tree,logistic_regression,decision_tree,f1,5,-0.09917679438451077,0.04533891028770233,-0.15547248700658578,-0.04288110176243577,
mixed__r0p10__medium,mixed,0.1,MEDIUM,pairwise_correlation_filter_natural,logistic_regression_minus_decision_tree,logistic_regression,decision_tree,recall,5,0.11000000000000001,0.11128666686635116,-0.028180647728153763,0.2481806477281538,
mixed__r0p10__medium,mixed,0.1,MEDIUM,mutual_information_select_k_best_k11,logistic_regression_minus_decision_tree,logistic_regression,decision_tree,average_precision,5,-0.18620247205506382,0.012067558481977709,-0.20118632496836591,-0.17121861914176173,
mixed__r0p10__medium,mixed,0.1,MEDIUM,mutual_information_select_k_best_k11,logistic_regression_minus_decision_tree,logistic_regression,decision_tree,f1,5,-0.09362790253923466,0.037516347023727574,-0.14021059998275315,-0.04704520509571617,
mixed__r0p10__medium,mixed,0.1,MEDIUM,mutual_information_select_k_best_k11,logistic_regression_minus_decision_tree,logistic_regression,decision_tree,recall,5,0.18733333333333332,0.11000378781357185,0.05074559033906664,0.32392107632760003,
mixed__r0p05__low,mixed,0.05,LOW,none_natural,logistic_regression_minus_decision_tree,logistic_regression,decision_tree,average_precision,5,-0.024594904268942057,0.009479657699867514,-0.03636545395017201,-0.012824354587712106,
mixed__r0p05__low,mixed,0.05,LOW,none_natural,logistic_regression_minus_decision_tree,logistic_regression,decision_tree,f1,5,0.012469948007715791,0.022663518051521645,-0.01567052642952212,0.040610422444953706,
mixed__r0p05__low,mixed,0.05,LOW,none_natural,logistic_regression_minus_decision_tree,logistic_regression,decision_tree,recall,5,0.24599999999999994,0.11191266436129758,0.10704207371940486,0.384957926280595,
mixed__r0p05__low,mixed,0.05,LOW,pairwise_correlation_filter_natural,logistic_regression_minus_decision_tree,logistic_regression,decision_tree,average_precision,5,-0.024595066482114927,0.009479969029723647,-0.0363660027304188,-0.01282413023381105,
mixed__r0p05__low,mixed,0.05,LOW,pairwise_correlation_filter_natural,logistic_regression_minus_decision_tree,logistic_regression,decision_tree,f1,5,0.012469948007715791,0.022663518051521645,-0.01567052642952212,0.040610422444953706,
mixed__r0p05__low,mixed,0.05,LOW,pairwise_correlation_filter_natural,logistic_regression_minus_decision_tree,logistic_regression,decision_tree,recall,5,0.24599999999999994,0.11191266436129758,0.10704207371940486,0.384957926280595,
mixed__r0p05__low,mixed,0.05,LOW,mutual_information_select_k_best_k11,logistic_regression_minus_decision_tree,logistic_regression,decision_tree,average_precision,5,-0.024962237115474406,0.010554426377257651,-0.03806728836981783,-0.011857185861130985,
mixed__r0p05__low,mixed,0.05,LOW,mutual_information_select_k_best_k11,logistic_regression_minus_decision_tree,logistic_regression,decision_tree,f1,5,0.02600754214180569,0.02595397748937261,-0.006218577316964808,0.05823366160057619,
mixed__r0p05__low,mixed,0.05,LOW,mutual_information_select_k_best_k11,logistic_regression_minus_decision_tree,logistic_regression,decision_tree,recall,5,0.3506666666666667,0.11186301146193647,0.21177039260361477,0.4895629407297186,
mixed__r0p05__high,mixed,0.05,HIGH,none_natural,logistic_regression_minus_decision_tree,logistic_regression,decision_tree,average_precision,5,-0.15407315061806953,0.005617827160804184,-0.1610486043517769,-0.14709769688436217,
mixed__r0p05__high,mixed,0.05,HIGH,none_natural,logistic_regression_minus_decision_tree,logistic_regression,decision_tree,f1,5,-0.09858561112709914,0.06659482266023889,-0.1812740048911477,-0.015897217363050567,
mixed__r0p05__high,mixed,0.05,HIGH,none_natural,logistic_regression_minus_decision_tree,logistic_regression,decision_tree,recall,5,0.13266666666666668,0.12250623566895595,-0.01944491571906265,0.284778249052396,
mixed__r0p05__high,mixed,0.05,HIGH,pairwise_correlation_filter_natural,logistic_regression_minus_decision_tree,logistic_regression,decision_tree,average_precision,5,-0.15407036373977284,0.005614086421970097,-0.16104117273274324,-0.14709955474680245,
mixed__r0p05__high,mixed,0.05,HIGH,pairwise_correlation_filter_natural,logistic_regression_minus_decision_tree,logistic_regression,decision_tree,f1,5,-0.09858561112709914,0.06659482266023889,-0.1812740048911477,-0.015897217363050567,
mixed__r0p05__high,mixed,0.05,HIGH,pairwise_correlation_filter_natural,logistic_regression_minus_decision_tree,logistic_regression,decision_tree,recall,5,0.13266666666666668,0.12250623566895595,-0.01944491571906265,0.284778249052396,
mixed__r0p05__high,mixed,0.05,HIGH,mutual_information_select_k_best_k11,logistic_regression_minus_decision_tree,logistic_regression,decision_tree,average_precision,5,-0.15610918727264886,0.01897001826599323,-0.17966357599881916,-0.13255479854647856,
mixed__r0p05__high,mixed,0.05,HIGH,mutual_information_select_k_best_k11,logistic_regression_minus_decision_tree,logistic_regression,decision_tree,f1,5,-0.10689275415546054,0.07088726745197721,-0.19491092208169208,-0.01887458622922901,
mixed__r0p05__high,mixed,0.05,HIGH,mutual_information_select_k_best_k11,logistic_regression_minus_decision_tree,logistic_regression,decision_tree,recall,5,0.19866666666666669,0.10574077317246698,0.06737215547607966,0.3299611778572537,
quantity_manipulation__r0p05__medium,quantity_manipulation,0.05,MEDIUM,pairwise_correlation_filter_natural,reduced_minus_full_baseline,decision_tree,,average_precision,5,0.0,0.0,0.0,0.0,none_natural
quantity_manipulation__r0p05__medium,quantity_manipulation,0.05,MEDIUM,pairwise_correlation_filter_natural,reduced_minus_full_baseline,decision_tree,,f1,5,0.0,0.0,0.0,0.0,none_natural
quantity_manipulation__r0p05__medium,quantity_manipulation,0.05,MEDIUM,pairwise_correlation_filter_natural,reduced_minus_full_baseline,decision_tree,,recall,5,0.0,0.0,0.0,0.0,none_natural
quantity_manipulation__r0p05__medium,quantity_manipulation,0.05,MEDIUM,mutual_information_select_k_best_k11,reduced_minus_full_baseline,decision_tree,,average_precision,5,-0.00216014241457827,0.004076844669197978,-0.007222213666594356,0.0029019288374378164,none_natural
quantity_manipulation__r0p05__medium,quantity_manipulation,0.05,MEDIUM,mutual_information_select_k_best_k11,reduced_minus_full_baseline,decision_tree,,f1,5,0.01845640504225085,0.1337297862573898,-0.1475910560411665,0.18450386612566821,none_natural
quantity_manipulation__r0p05__medium,quantity_manipulation,0.05,MEDIUM,mutual_information_select_k_best_k11,reduced_minus_full_baseline,decision_tree,,recall,5,-0.004666666666666664,0.01043498389499901,-0.01762341049093332,0.008290077157599992,none_natural
quantity_manipulation__r0p05__medium,quantity_manipulation,0.05,MEDIUM,pairwise_correlation_filter_natural,reduced_minus_full_baseline,logistic_regression,,average_precision,5,-2.4398308614420605e-07,3.445615542023086e-06,-4.522279856329021e-06,4.034313684040609e-06,none_natural
quantity_manipulation__r0p05__medium,quantity_manipulation,0.05,MEDIUM,pairwise_correlation_filter_natural,reduced_minus_full_baseline,logistic_regression,,f1,5,0.0,0.0,0.0,0.0,none_natural
quantity_manipulation__r0p05__medium,quantity_manipulation,0.05,MEDIUM,pairwise_correlation_filter_natural,reduced_minus_full_baseline,logistic_regression,,recall,5,0.0,0.0,0.0,0.0,none_natural
quantity_manipulation__r0p05__medium,quantity_manipulation,0.05,MEDIUM,mutual_information_select_k_best_k11,reduced_minus_full_baseline,logistic_regression,,average_precision,5,-0.002981847966212134,0.0036883291965616257,-0.007561513543110159,0.0015978176106858913,none_natural
quantity_manipulation__r0p05__medium,quantity_manipulation,0.05,MEDIUM,mutual_information_select_k_best_k11,reduced_minus_full_baseline,logistic_regression,,f1,5,-0.001483426445154662,0.005068568013035099,-0.007776884869392533,0.00481003197908321,none_natural
quantity_manipulation__r0p05__medium,quantity_manipulation,0.05,MEDIUM,mutual_information_select_k_best_k11,reduced_minus_full_baseline,logistic_regression,,recall,5,0.057333333333333326,0.028905977851571736,0.02144182130213279,0.09322484536453386,none_natural
value_manipulation__r0p05__medium,value_manipulation,0.05,MEDIUM,pairwise_correlation_filter_natural,reduced_minus_full_baseline,decision_tree,,average_precision,5,0.0,0.0,0.0,0.0,none_natural
value_manipulation__r0p05__medium,value_manipulation,0.05,MEDIUM,pairwise_correlation_filter_natural,reduced_minus_full_baseline,decision_tree,,f1,5,0.0,0.0,0.0,0.0,none_natural
value_manipulation__r0p05__medium,value_manipulation,0.05,MEDIUM,pairwise_correlation_filter_natural,reduced_minus_full_baseline,decision_tree,,recall,5,0.0,0.0,0.0,0.0,none_natural
value_manipulation__r0p05__medium,value_manipulation,0.05,MEDIUM,mutual_information_select_k_best_k11,reduced_minus_full_baseline,decision_tree,,average_precision,5,0.011035675883541077,0.018434047068014575,-0.011853216702024468,0.033924568469106624,none_natural
value_manipulation__r0p05__medium,value_manipulation,0.05,MEDIUM,mutual_information_select_k_best_k11,reduced_minus_full_baseline,decision_tree,,f1,5,0.006622471660203047,0.015582790701166664,-0.012726118544995366,0.02597106186540146,none_natural
value_manipulation__r0p05__medium,value_manipulation,0.05,MEDIUM,mutual_information_select_k_best_k11,reduced_minus_full_baseline,decision_tree,,recall,5,-0.00866666666666666,0.03313272970610447,-0.04980638430498566,0.032473050971652345,none_natural
value_manipulation__r0p05__medium,value_manipulation,0.05,MEDIUM,pairwise_correlation_filter_natural,reduced_minus_full_baseline,logistic_regression,,average_precision,5,-4.4672195811806816e-07,2.2028708110958526e-06,-3.1819473369518873e-06,2.288503420715751e-06,none_natural
value_manipulation__r0p05__medium,value_manipulation,0.05,MEDIUM,pairwise_correlation_filter_natural,reduced_minus_full_baseline,logistic_regression,,f1,5,0.0,0.0,0.0,0.0,none_natural
value_manipulation__r0p05__medium,value_manipulation,0.05,MEDIUM,pairwise_correlation_filter_natural,reduced_minus_full_baseline,logistic_regression,,recall,5,0.0,0.0,0.0,0.0,none_natural
value_manipulation__r0p05__medium,value_manipulation,0.05,MEDIUM,mutual_information_select_k_best_k11,reduced_minus_full_baseline,logistic_regression,,average_precision,5,-0.0032245947580746863,0.0037259537841220366,-0.007850977430793774,0.0014017879146444026,none_natural
value_manipulation__r0p05__medium,value_manipulation,0.05,MEDIUM,mutual_information_select_k_best_k11,reduced_minus_full_baseline,logistic_regression,,f1,5,-0.001951153133113545,0.0040738843832050335,-0.007009548704587803,0.003107242438360713,none_natural
value_manipulation__r0p05__medium,value_manipulation,0.05,MEDIUM,mutual_information_select_k_best_k11,reduced_minus_full_baseline,logistic_regression,,recall,5,0.05266666666666666,0.0313935591412563,0.013686414505457059,0.09164691882787626,none_natural
shipping_delivery_manipulation__r0p05__medium,shipping_delivery_manipulation,0.05,MEDIUM,pairwise_correlation_filter_natural,reduced_minus_full_baseline,decision_tree,,average_precision,5,0.0,0.0,0.0,0.0,none_natural
shipping_delivery_manipulation__r0p05__medium,shipping_delivery_manipulation,0.05,MEDIUM,pairwise_correlation_filter_natural,reduced_minus_full_baseline,decision_tree,,f1,5,0.0,0.0,0.0,0.0,none_natural
shipping_delivery_manipulation__r0p05__medium,shipping_delivery_manipulation,0.05,MEDIUM,pairwise_correlation_filter_natural,reduced_minus_full_baseline,decision_tree,,recall,5,0.0,0.0,0.0,0.0,none_natural
shipping_delivery_manipulation__r0p05__medium,shipping_delivery_manipulation,0.05,MEDIUM,mutual_information_select_k_best_k11,reduced_minus_full_baseline,decision_tree,,average_precision,5,-0.0001796981463113731,0.0005789017902844936,-0.0008984996578039056,0.0005391033651811594,none_natural
shipping_delivery_manipulation__r0p05__medium,shipping_delivery_manipulation,0.05,MEDIUM,mutual_information_select_k_best_k11,reduced_minus_full_baseline,decision_tree,,f1,5,-0.0042273660445444755,0.02534590064024255,-0.0356984583716084,0.027243726282519448,none_natural
shipping_delivery_manipulation__r0p05__medium,shipping_delivery_manipulation,0.05,MEDIUM,mutual_information_select_k_best_k11,reduced_minus_full_baseline,decision_tree,,recall,5,-0.007333333333333333,0.021653842358548954,-0.03422012981274462,0.019553463146077952,none_natural
shipping_delivery_manipulation__r0p05__medium,shipping_delivery_manipulation,0.05,MEDIUM,pairwise_correlation_filter_natural,reduced_minus_full_baseline,logistic_regression,,average_precision,5,-7.779598945240052e-07,2.6529321757132547e-06,-4.072010266786154e-06,2.5160904777381435e-06,none_natural
shipping_delivery_manipulation__r0p05__medium,shipping_delivery_manipulation,0.05,MEDIUM,pairwise_correlation_filter_natural,reduced_minus_full_baseline,logistic_regression,,f1,5,0.0,0.0,0.0,0.0,none_natural
shipping_delivery_manipulation__r0p05__medium,shipping_delivery_manipulation,0.05,MEDIUM,pairwise_correlation_filter_natural,reduced_minus_full_baseline,logistic_regression,,recall,5,0.0,0.0,0.0,0.0,none_natural
shipping_delivery_manipulation__r0p05__medium,shipping_delivery_manipulation,0.05,MEDIUM,mutual_information_select_k_best_k11,reduced_minus_full_baseline,logistic_regression,,average_precision,5,-0.003287367480380295,0.001332657950131047,-0.004942080878979358,-0.0016326540817812314,none_natural
shipping_delivery_manipulation__r0p05__medium,shipping_delivery_manipulation,0.05,MEDIUM,mutual_information_select_k_best_k11,reduced_minus_full_baseline,logistic_regression,,f1,5,-0.001052257197569889,0.0034619250538470685,-0.005350804901414838,0.00324629050627506,none_natural
shipping_delivery_manipulation__r0p05__medium,shipping_delivery_manipulation,0.05,MEDIUM,mutual_information_select_k_best_k11,reduced_minus_full_baseline,logistic_regression,,recall,5,0.05799999999999998,0.026520432374554783,0.025070533903691572,0.09092946609630839,none_natural
transaction_status_manipulation__r0p05__medium,transaction_status_manipulation,0.05,MEDIUM,pairwise_correlation_filter_natural,reduced_minus_full_baseline,decision_tree,,average_precision,5,0.0,0.0,0.0,0.0,none_natural
transaction_status_manipulation__r0p05__medium,transaction_status_manipulation,0.05,MEDIUM,pairwise_correlation_filter_natural,reduced_minus_full_baseline,decision_tree,,f1,5,0.0,0.0,0.0,0.0,none_natural
transaction_status_manipulation__r0p05__medium,transaction_status_manipulation,0.05,MEDIUM,pairwise_correlation_filter_natural,reduced_minus_full_baseline,decision_tree,,recall,5,0.0,0.0,0.0,0.0,none_natural
transaction_status_manipulation__r0p05__medium,transaction_status_manipulation,0.05,MEDIUM,mutual_information_select_k_best_k11,reduced_minus_full_baseline,decision_tree,,average_precision,5,-0.0001796981463113731,0.0005789017902844936,-0.0008984996578039056,0.0005391033651811594,none_natural
transaction_status_manipulation__r0p05__medium,transaction_status_manipulation,0.05,MEDIUM,mutual_information_select_k_best_k11,reduced_minus_full_baseline,decision_tree,,f1,5,-0.0042273660445444755,0.02534590064024255,-0.0356984583716084,0.027243726282519448,none_natural
transaction_status_manipulation__r0p05__medium,transaction_status_manipulation,0.05,MEDIUM,mutual_information_select_k_best_k11,reduced_minus_full_baseline,decision_tree,,recall,5,-0.007333333333333333,0.021653842358548954,-0.03422012981274462,0.019553463146077952,none_natural
transaction_status_manipulation__r0p05__medium,transaction_status_manipulation,0.05,MEDIUM,pairwise_correlation_filter_natural,reduced_minus_full_baseline,logistic_regression,,average_precision,5,-7.779598945240052e-07,2.6529321757132547e-06,-4.072010266786154e-06,2.5160904777381435e-06,none_natural
transaction_status_manipulation__r0p05__medium,transaction_status_manipulation,0.05,MEDIUM,pairwise_correlation_filter_natural,reduced_minus_full_baseline,logistic_regression,,f1,5,0.0,0.0,0.0,0.0,none_natural
transaction_status_manipulation__r0p05__medium,transaction_status_manipulation,0.05,MEDIUM,pairwise_correlation_filter_natural,reduced_minus_full_baseline,logistic_regression,,recall,5,0.0,0.0,0.0,0.0,none_natural
transaction_status_manipulation__r0p05__medium,transaction_status_manipulation,0.05,MEDIUM,mutual_information_select_k_best_k11,reduced_minus_full_baseline,logistic_regression,,average_precision,5,-0.003287367480380295,0.001332657950131047,-0.004942080878979358,-0.0016326540817812314,none_natural
transaction_status_manipulation__r0p05__medium,transaction_status_manipulation,0.05,MEDIUM,mutual_information_select_k_best_k11,reduced_minus_full_baseline,logistic_regression,,f1,5,-0.001052257197569889,0.0034619250538470685,-0.005350804901414838,0.00324629050627506,none_natural
transaction_status_manipulation__r0p05__medium,transaction_status_manipulation,0.05,MEDIUM,mutual_information_select_k_best_k11,reduced_minus_full_baseline,logistic_regression,,recall,5,0.05799999999999998,0.026520432374554783,0.025070533903691572,0.09092946609630839,none_natural
timestamp_manipulation__r0p05__medium,timestamp_manipulation,0.05,MEDIUM,pairwise_correlation_filter_natural,reduced_minus_full_baseline,decision_tree,,average_precision,5,0.0,0.0,0.0,0.0,none_natural
timestamp_manipulation__r0p05__medium,timestamp_manipulation,0.05,MEDIUM,pairwise_correlation_filter_natural,reduced_minus_full_baseline,decision_tree,,f1,5,0.0,0.0,0.0,0.0,none_natural
timestamp_manipulation__r0p05__medium,timestamp_manipulation,0.05,MEDIUM,pairwise_correlation_filter_natural,reduced_minus_full_baseline,decision_tree,,recall,5,0.0,0.0,0.0,0.0,none_natural
timestamp_manipulation__r0p05__medium,timestamp_manipulation,0.05,MEDIUM,mutual_information_select_k_best_k11,reduced_minus_full_baseline,decision_tree,,average_precision,5,-0.0001796981463113731,0.0005789017902844936,-0.0008984996578039056,0.0005391033651811594,none_natural
timestamp_manipulation__r0p05__medium,timestamp_manipulation,0.05,MEDIUM,mutual_information_select_k_best_k11,reduced_minus_full_baseline,decision_tree,,f1,5,-0.0042273660445444755,0.02534590064024255,-0.0356984583716084,0.027243726282519448,none_natural
timestamp_manipulation__r0p05__medium,timestamp_manipulation,0.05,MEDIUM,mutual_information_select_k_best_k11,reduced_minus_full_baseline,decision_tree,,recall,5,-0.007333333333333333,0.021653842358548954,-0.03422012981274462,0.019553463146077952,none_natural
timestamp_manipulation__r0p05__medium,timestamp_manipulation,0.05,MEDIUM,pairwise_correlation_filter_natural,reduced_minus_full_baseline,logistic_regression,,average_precision,5,-1.5499608956581756e-07,8.419897181522967e-07,-1.2004644094540896e-06,8.904722303224546e-07,none_natural
timestamp_manipulation__r0p05__medium,timestamp_manipulation,0.05,MEDIUM,pairwise_correlation_filter_natural,reduced_minus_full_baseline,logistic_regression,,f1,5,0.0,0.0,0.0,0.0,none_natural
timestamp_manipulation__r0p05__medium,timestamp_manipulation,0.05,MEDIUM,pairwise_correlation_filter_natural,reduced_minus_full_baseline,logistic_regression,,recall,5,0.0,0.0,0.0,0.0,none_natural
timestamp_manipulation__r0p05__medium,timestamp_manipulation,0.05,MEDIUM,mutual_information_select_k_best_k11,reduced_minus_full_baseline,logistic_regression,,average_precision,5,-0.003389405282966225,0.001768225702431984,-0.005584947478376326,-0.0011938630875561237,none_natural
timestamp_manipulation__r0p05__medium,timestamp_manipulation,0.05,MEDIUM,mutual_information_select_k_best_k11,reduced_minus_full_baseline,logistic_regression,,f1,5,-0.002317124521202668,0.004148089555737593,-0.007467657983891177,0.0028334089414858406,none_natural
timestamp_manipulation__r0p05__medium,timestamp_manipulation,0.05,MEDIUM,mutual_information_select_k_best_k11,reduced_minus_full_baseline,logistic_regression,,recall,5,0.05199999999999998,0.039200340134578765,0.003326348937512741,0.10067365106248721,none_natural
geographic_route_manipulation__r0p05__medium,geographic_route_manipulation,0.05,MEDIUM,pairwise_correlation_filter_natural,reduced_minus_full_baseline,decision_tree,,average_precision,5,0.0,0.0,0.0,0.0,none_natural
geographic_route_manipulation__r0p05__medium,geographic_route_manipulation,0.05,MEDIUM,pairwise_correlation_filter_natural,reduced_minus_full_baseline,decision_tree,,f1,5,0.0,0.0,0.0,0.0,none_natural
geographic_route_manipulation__r0p05__medium,geographic_route_manipulation,0.05,MEDIUM,pairwise_correlation_filter_natural,reduced_minus_full_baseline,decision_tree,,recall,5,0.0,0.0,0.0,0.0,none_natural
geographic_route_manipulation__r0p05__medium,geographic_route_manipulation,0.05,MEDIUM,mutual_information_select_k_best_k11,reduced_minus_full_baseline,decision_tree,,average_precision,5,-0.0001796981463113731,0.0005789017902844936,-0.0008984996578039056,0.0005391033651811594,none_natural
geographic_route_manipulation__r0p05__medium,geographic_route_manipulation,0.05,MEDIUM,mutual_information_select_k_best_k11,reduced_minus_full_baseline,decision_tree,,f1,5,-0.0042273660445444755,0.02534590064024255,-0.0356984583716084,0.027243726282519448,none_natural
geographic_route_manipulation__r0p05__medium,geographic_route_manipulation,0.05,MEDIUM,mutual_information_select_k_best_k11,reduced_minus_full_baseline,decision_tree,,recall,5,-0.007333333333333333,0.021653842358548954,-0.03422012981274462,0.019553463146077952,none_natural
geographic_route_manipulation__r0p05__medium,geographic_route_manipulation,0.05,MEDIUM,pairwise_correlation_filter_natural,reduced_minus_full_baseline,logistic_regression,,average_precision,5,-7.779598945240052e-07,2.6529321757132547e-06,-4.072010266786154e-06,2.5160904777381435e-06,none_natural
geographic_route_manipulation__r0p05__medium,geographic_route_manipulation,0.05,MEDIUM,pairwise_correlation_filter_natural,reduced_minus_full_baseline,logistic_regression,,f1,5,0.0,0.0,0.0,0.0,none_natural
geographic_route_manipulation__r0p05__medium,geographic_route_manipulation,0.05,MEDIUM,pairwise_correlation_filter_natural,reduced_minus_full_baseline,logistic_regression,,recall,5,0.0,0.0,0.0,0.0,none_natural
geographic_route_manipulation__r0p05__medium,geographic_route_manipulation,0.05,MEDIUM,mutual_information_select_k_best_k11,reduced_minus_full_baseline,logistic_regression,,average_precision,5,-0.003287367480380295,0.001332657950131047,-0.004942080878979358,-0.0016326540817812314,none_natural
geographic_route_manipulation__r0p05__medium,geographic_route_manipulation,0.05,MEDIUM,mutual_information_select_k_best_k11,reduced_minus_full_baseline,logistic_regression,,f1,5,-0.001052257197569889,0.0034619250538470685,-0.005350804901414838,0.00324629050627506,none_natural
geographic_route_manipulation__r0p05__medium,geographic_route_manipulation,0.05,MEDIUM,mutual_information_select_k_best_k11,reduced_minus_full_baseline,logistic_regression,,recall,5,0.05799999999999998,0.026520432374554783,0.025070533903691572,0.09092946609630839,none_natural
transaction_record_tampering__r0p05__medium,transaction_record_tampering,0.05,MEDIUM,pairwise_correlation_filter_natural,reduced_minus_full_baseline,decision_tree,,average_precision,5,0.0,0.0,0.0,0.0,none_natural
transaction_record_tampering__r0p05__medium,transaction_record_tampering,0.05,MEDIUM,pairwise_correlation_filter_natural,reduced_minus_full_baseline,decision_tree,,f1,5,0.0,0.0,0.0,0.0,none_natural
transaction_record_tampering__r0p05__medium,transaction_record_tampering,0.05,MEDIUM,pairwise_correlation_filter_natural,reduced_minus_full_baseline,decision_tree,,recall,5,0.0,0.0,0.0,0.0,none_natural
transaction_record_tampering__r0p05__medium,transaction_record_tampering,0.05,MEDIUM,mutual_information_select_k_best_k11,reduced_minus_full_baseline,decision_tree,,average_precision,5,0.0052143651120909905,0.009714052651207313,-0.006847224341578543,0.017275954565760525,none_natural
transaction_record_tampering__r0p05__medium,transaction_record_tampering,0.05,MEDIUM,mutual_information_select_k_best_k11,reduced_minus_full_baseline,decision_tree,,f1,5,0.013982656451792608,0.10198429769191027,-0.11264757437444822,0.14061288727803345,none_natural
transaction_record_tampering__r0p05__medium,transaction_record_tampering,0.05,MEDIUM,mutual_information_select_k_best_k11,reduced_minus_full_baseline,decision_tree,,recall,5,-0.009999999999999998,0.02121320343559643,-0.03633967099257342,0.016339670992573423,none_natural
transaction_record_tampering__r0p05__medium,transaction_record_tampering,0.05,MEDIUM,pairwise_correlation_filter_natural,reduced_minus_full_baseline,logistic_regression,,average_precision,5,1.2594830369749844e-07,1.6427945938202635e-06,-1.91385059989452e-06,2.165747207289517e-06,none_natural
transaction_record_tampering__r0p05__medium,transaction_record_tampering,0.05,MEDIUM,pairwise_correlation_filter_natural,reduced_minus_full_baseline,logistic_regression,,f1,5,0.0,0.0,0.0,0.0,none_natural
transaction_record_tampering__r0p05__medium,transaction_record_tampering,0.05,MEDIUM,pairwise_correlation_filter_natural,reduced_minus_full_baseline,logistic_regression,,recall,5,0.0,0.0,0.0,0.0,none_natural
transaction_record_tampering__r0p05__medium,transaction_record_tampering,0.05,MEDIUM,mutual_information_select_k_best_k11,reduced_minus_full_baseline,logistic_regression,,average_precision,5,-0.0011966119874834008,0.00855584000145927,-0.011820090491695462,0.00942686651672866,none_natural
transaction_record_tampering__r0p05__medium,transaction_record_tampering,0.05,MEDIUM,mutual_information_select_k_best_k11,reduced_minus_full_baseline,logistic_regression,,f1,5,-0.002938145891918295,0.009064813917716796,-0.014193598983972603,0.008317307200136015,none_natural
transaction_record_tampering__r0p05__medium,transaction_record_tampering,0.05,MEDIUM,mutual_information_select_k_best_k11,reduced_minus_full_baseline,logistic_regression,,recall,5,0.052666666666666674,0.036163210280308056,0.007764110402100219,0.09756922293123313,none_natural
mixed__r0p01__medium,mixed,0.01,MEDIUM,pairwise_correlation_filter_natural,reduced_minus_full_baseline,decision_tree,,average_precision,5,0.0,0.0,0.0,0.0,none_natural
mixed__r0p01__medium,mixed,0.01,MEDIUM,pairwise_correlation_filter_natural,reduced_minus_full_baseline,decision_tree,,f1,5,0.0,0.0,0.0,0.0,none_natural
mixed__r0p01__medium,mixed,0.01,MEDIUM,pairwise_correlation_filter_natural,reduced_minus_full_baseline,decision_tree,,recall,5,0.0,0.0,0.0,0.0,none_natural
mixed__r0p01__medium,mixed,0.01,MEDIUM,mutual_information_select_k_best_k11,reduced_minus_full_baseline,decision_tree,,average_precision,5,-0.0021493632543948702,0.0021231232199817947,-0.004785568920398811,0.0004868424116090701,none_natural
mixed__r0p01__medium,mixed,0.01,MEDIUM,mutual_information_select_k_best_k11,reduced_minus_full_baseline,decision_tree,,f1,5,0.013378492315084154,0.0868217691991819,-0.09442497275998213,0.12118195739015045,none_natural
mixed__r0p01__medium,mixed,0.01,MEDIUM,mutual_information_select_k_best_k11,reduced_minus_full_baseline,decision_tree,,recall,5,-0.01666666666666667,0.0372677996249965,-0.06294075175333336,0.02960741842000001,none_natural
mixed__r0p01__medium,mixed,0.01,MEDIUM,pairwise_correlation_filter_natural,reduced_minus_full_baseline,logistic_regression,,average_precision,5,-5.7730721091456274e-08,5.948993835310065e-07,-7.963958681761074e-07,6.809344259931948e-07,none_natural
mixed__r0p01__medium,mixed,0.01,MEDIUM,pairwise_correlation_filter_natural,reduced_minus_full_baseline,logistic_regression,,f1,5,0.0,0.0,0.0,0.0,none_natural
mixed__r0p01__medium,mixed,0.01,MEDIUM,pairwise_correlation_filter_natural,reduced_minus_full_baseline,logistic_regression,,recall,5,0.0,0.0,0.0,0.0,none_natural
mixed__r0p01__medium,mixed,0.01,MEDIUM,mutual_information_select_k_best_k11,reduced_minus_full_baseline,logistic_regression,,average_precision,5,-0.0008173670884073847,0.001645001894824876,-0.0028599067181900315,0.0012251725413752624,none_natural
mixed__r0p01__medium,mixed,0.01,MEDIUM,mutual_information_select_k_best_k11,reduced_minus_full_baseline,logistic_regression,,f1,5,0.0009439938626947215,0.004974142988397215,-0.005232220407920692,0.007120208133310136,none_natural
mixed__r0p01__medium,mixed,0.01,MEDIUM,mutual_information_select_k_best_k11,reduced_minus_full_baseline,logistic_regression,,recall,5,0.09333333333333334,0.14366241293006635,-0.08504711269715474,0.2717137793638214,none_natural
mixed__r0p03__medium,mixed,0.03,MEDIUM,pairwise_correlation_filter_natural,reduced_minus_full_baseline,decision_tree,,average_precision,5,0.0,0.0,0.0,0.0,none_natural
mixed__r0p03__medium,mixed,0.03,MEDIUM,pairwise_correlation_filter_natural,reduced_minus_full_baseline,decision_tree,,f1,5,0.0,0.0,0.0,0.0,none_natural
mixed__r0p03__medium,mixed,0.03,MEDIUM,pairwise_correlation_filter_natural,reduced_minus_full_baseline,decision_tree,,recall,5,0.0,0.0,0.0,0.0,none_natural
mixed__r0p03__medium,mixed,0.03,MEDIUM,mutual_information_select_k_best_k11,reduced_minus_full_baseline,decision_tree,,average_precision,5,0.0030204509942027393,0.008033552567100836,-0.006954522006051725,0.012995423994457203,none_natural
mixed__r0p03__medium,mixed,0.03,MEDIUM,mutual_information_select_k_best_k11,reduced_minus_full_baseline,decision_tree,,f1,5,0.008284304100247383,0.06725788600049011,-0.07522739154192051,0.09179599974241529,none_natural
mixed__r0p03__medium,mixed,0.03,MEDIUM,mutual_information_select_k_best_k11,reduced_minus_full_baseline,decision_tree,,recall,5,-0.0066666666666666706,0.025276251480171843,-0.0380512781391656,0.024717944805832257,none_natural
mixed__r0p03__medium,mixed,0.03,MEDIUM,pairwise_correlation_filter_natural,reduced_minus_full_baseline,logistic_regression,,average_precision,5,7.997044989271895e-08,8.715577462172889e-07,-1.0022114259417617e-06,1.1621523257271994e-06,none_natural
mixed__r0p03__medium,mixed,0.03,MEDIUM,pairwise_correlation_filter_natural,reduced_minus_full_baseline,logistic_regression,,f1,5,0.0,0.0,0.0,0.0,none_natural
mixed__r0p03__medium,mixed,0.03,MEDIUM,pairwise_correlation_filter_natural,reduced_minus_full_baseline,logistic_regression,,recall,5,0.0,0.0,0.0,0.0,none_natural
mixed__r0p03__medium,mixed,0.03,MEDIUM,mutual_information_select_k_best_k11,reduced_minus_full_baseline,logistic_regression,,average_precision,5,-0.0015203964821643469,0.0019183777313007502,-0.003902377046078196,0.000861584081749502,none_natural
mixed__r0p03__medium,mixed,0.03,MEDIUM,mutual_information_select_k_best_k11,reduced_minus_full_baseline,logistic_regression,,f1,5,0.003224115994337841,0.004715689457701293,-0.00263118583200354,0.009079417820679222,none_natural
mixed__r0p03__medium,mixed,0.03,MEDIUM,mutual_information_select_k_best_k11,reduced_minus_full_baseline,logistic_regression,,recall,5,0.0911111111111111,0.05939509893735155,0.01736235509079241,0.1648598671314298,none_natural
mixed__r0p05__medium,mixed,0.05,MEDIUM,pairwise_correlation_filter_natural,reduced_minus_full_baseline,decision_tree,,average_precision,5,0.0,0.0,0.0,0.0,none_natural
mixed__r0p05__medium,mixed,0.05,MEDIUM,pairwise_correlation_filter_natural,reduced_minus_full_baseline,decision_tree,,f1,5,0.0,0.0,0.0,0.0,none_natural
mixed__r0p05__medium,mixed,0.05,MEDIUM,pairwise_correlation_filter_natural,reduced_minus_full_baseline,decision_tree,,recall,5,0.0,0.0,0.0,0.0,none_natural
mixed__r0p05__medium,mixed,0.05,MEDIUM,mutual_information_select_k_best_k11,reduced_minus_full_baseline,decision_tree,,average_precision,5,0.0028573434426328705,0.008246996458266558,-0.007382655152918804,0.013097342038184544,none_natural
mixed__r0p05__medium,mixed,0.05,MEDIUM,mutual_information_select_k_best_k11,reduced_minus_full_baseline,decision_tree,,f1,5,0.0031160812277668455,0.0386167705210672,-0.04483297245517681,0.051065134910710505,none_natural
mixed__r0p05__medium,mixed,0.05,MEDIUM,mutual_information_select_k_best_k11,reduced_minus_full_baseline,decision_tree,,recall,5,-0.005333333333333334,0.025884358211089562,-0.037473009040678774,0.026806342374012103,none_natural
mixed__r0p05__medium,mixed,0.05,MEDIUM,pairwise_correlation_filter_natural,reduced_minus_full_baseline,logistic_regression,,average_precision,5,1.621596969217376e-07,1.0125271523129815e-06,-1.0950588153100696e-06,1.419378209153545e-06,none_natural
mixed__r0p05__medium,mixed,0.05,MEDIUM,pairwise_correlation_filter_natural,reduced_minus_full_baseline,logistic_regression,,f1,5,0.0,0.0,0.0,0.0,none_natural
mixed__r0p05__medium,mixed,0.05,MEDIUM,pairwise_correlation_filter_natural,reduced_minus_full_baseline,logistic_regression,,recall,5,0.0,0.0,0.0,0.0,none_natural
mixed__r0p05__medium,mixed,0.05,MEDIUM,mutual_information_select_k_best_k11,reduced_minus_full_baseline,logistic_regression,,average_precision,5,2.072058327960702e-05,0.0021008526368630704,-0.002587832501446787,0.002629273668006001,none_natural
mixed__r0p05__medium,mixed,0.05,MEDIUM,mutual_information_select_k_best_k11,reduced_minus_full_baseline,logistic_regression,,f1,5,0.0051091021923726585,0.0024883282330764806,0.0020194346096451526,0.008198769775100164,none_natural
mixed__r0p05__medium,mixed,0.05,MEDIUM,mutual_information_select_k_best_k11,reduced_minus_full_baseline,logistic_regression,,recall,5,0.08666666666666667,0.04760952285695233,0.027551636163482766,0.14578169716985057,none_natural
mixed__r0p10__medium,mixed,0.1,MEDIUM,pairwise_correlation_filter_natural,reduced_minus_full_baseline,decision_tree,,average_precision,5,0.0,0.0,0.0,0.0,none_natural
mixed__r0p10__medium,mixed,0.1,MEDIUM,pairwise_correlation_filter_natural,reduced_minus_full_baseline,decision_tree,,f1,5,0.0,0.0,0.0,0.0,none_natural
mixed__r0p10__medium,mixed,0.1,MEDIUM,pairwise_correlation_filter_natural,reduced_minus_full_baseline,decision_tree,,recall,5,0.0,0.0,0.0,0.0,none_natural
mixed__r0p10__medium,mixed,0.1,MEDIUM,mutual_information_select_k_best_k11,reduced_minus_full_baseline,decision_tree,,average_precision,5,0.0025362560179102767,0.007561406199631676,-0.006852469835974583,0.011924981871795136,none_natural
mixed__r0p10__medium,mixed,0.1,MEDIUM,mutual_information_select_k_best_k11,reduced_minus_full_baseline,decision_tree,,f1,5,0.000609209004655703,0.016618899244614672,-0.020025879877174465,0.02124429788648587,none_natural
mixed__r0p10__medium,mixed,0.1,MEDIUM,mutual_information_select_k_best_k11,reduced_minus_full_baseline,decision_tree,,recall,5,-0.0053333333333333175,0.01973434682082091,-0.02983676130883303,0.01917009464216639,none_natural
mixed__r0p10__medium,mixed,0.1,MEDIUM,pairwise_correlation_filter_natural,reduced_minus_full_baseline,logistic_regression,,average_precision,5,3.4501296815037107e-07,7.304299585909474e-07,-5.619356146421953e-07,1.2519615509429375e-06,none_natural
mixed__r0p10__medium,mixed,0.1,MEDIUM,pairwise_correlation_filter_natural,reduced_minus_full_baseline,logistic_regression,,f1,5,0.0,0.0,0.0,0.0,none_natural
mixed__r0p10__medium,mixed,0.1,MEDIUM,pairwise_correlation_filter_natural,reduced_minus_full_baseline,logistic_regression,,recall,5,0.0,0.0,0.0,0.0,none_natural
mixed__r0p10__medium,mixed,0.1,MEDIUM,mutual_information_select_k_best_k11,reduced_minus_full_baseline,logistic_regression,,average_precision,5,0.000578835270523817,0.004602415147129882,-0.00513581792245958,0.006293488463507213,none_natural
mixed__r0p10__medium,mixed,0.1,MEDIUM,mutual_information_select_k_best_k11,reduced_minus_full_baseline,logistic_regression,,f1,5,0.006158100849931814,0.010492863739312082,-0.00687051029324008,0.019186711993103706,none_natural
mixed__r0p10__medium,mixed,0.1,MEDIUM,mutual_information_select_k_best_k11,reduced_minus_full_baseline,logistic_regression,,recall,5,0.07200000000000002,0.05620399353149997,0.002213524676603809,0.14178647532339622,none_natural
mixed__r0p05__low,mixed,0.05,LOW,pairwise_correlation_filter_natural,reduced_minus_full_baseline,decision_tree,,average_precision,5,0.0,0.0,0.0,0.0,none_natural
mixed__r0p05__low,mixed,0.05,LOW,pairwise_correlation_filter_natural,reduced_minus_full_baseline,decision_tree,,f1,5,0.0,0.0,0.0,0.0,none_natural
mixed__r0p05__low,mixed,0.05,LOW,pairwise_correlation_filter_natural,reduced_minus_full_baseline,decision_tree,,recall,5,0.0,0.0,0.0,0.0,none_natural
mixed__r0p05__low,mixed,0.05,LOW,mutual_information_select_k_best_k11,reduced_minus_full_baseline,decision_tree,,average_precision,5,0.0003002605429615307,0.0028644469359333626,-0.0032564200921548357,0.0038569411780778975,none_natural
mixed__r0p05__low,mixed,0.05,LOW,mutual_information_select_k_best_k11,reduced_minus_full_baseline,decision_tree,,f1,5,-0.006463213038309155,0.01742971891493977,-0.028105067513818242,0.015178641437199934,none_natural
mixed__r0p05__low,mixed,0.05,LOW,mutual_information_select_k_best_k11,reduced_minus_full_baseline,decision_tree,,recall,5,-0.007333333333333331,0.026076809620810593,-0.03971196902753313,0.025045302360866467,none_natural
mixed__r0p05__low,mixed,0.05,LOW,pairwise_correlation_filter_natural,reduced_minus_full_baseline,logistic_regression,,average_precision,5,-1.6221317287318238e-07,5.254588781332062e-07,-8.146565443882421e-07,4.902301986418774e-07,none_natural
mixed__r0p05__low,mixed,0.05,LOW,pairwise_correlation_filter_natural,reduced_minus_full_baseline,logistic_regression,,f1,5,0.0,0.0,0.0,0.0,none_natural
mixed__r0p05__low,mixed,0.05,LOW,pairwise_correlation_filter_natural,reduced_minus_full_baseline,logistic_regression,,recall,5,0.0,0.0,0.0,0.0,none_natural
mixed__r0p05__low,mixed,0.05,LOW,mutual_information_select_k_best_k11,reduced_minus_full_baseline,logistic_regression,,average_precision,5,-6.707230357081983e-05,0.0025555811591705946,-0.0032402454234033125,0.0031061008162616725,none_natural
mixed__r0p05__low,mixed,0.05,LOW,mutual_information_select_k_best_k11,reduced_minus_full_baseline,logistic_regression,,f1,5,0.00707438109578074,0.0036215982323890266,0.0025775729546613233,0.011571189236900158,none_natural
mixed__r0p05__low,mixed,0.05,LOW,mutual_information_select_k_best_k11,reduced_minus_full_baseline,logistic_regression,,recall,5,0.09733333333333333,0.04951991742947703,0.03584623466707975,0.1588204319995869,none_natural
mixed__r0p05__high,mixed,0.05,HIGH,pairwise_correlation_filter_natural,reduced_minus_full_baseline,decision_tree,,average_precision,5,0.0,0.0,0.0,0.0,none_natural
mixed__r0p05__high,mixed,0.05,HIGH,pairwise_correlation_filter_natural,reduced_minus_full_baseline,decision_tree,,f1,5,0.0,0.0,0.0,0.0,none_natural
mixed__r0p05__high,mixed,0.05,HIGH,pairwise_correlation_filter_natural,reduced_minus_full_baseline,decision_tree,,recall,5,0.0,0.0,0.0,0.0,none_natural
mixed__r0p05__high,mixed,0.05,HIGH,mutual_information_select_k_best_k11,reduced_minus_full_baseline,decision_tree,,average_precision,5,0.010791354392225883,0.013848077937100382,-0.006403305426605176,0.027986014211056943,none_natural
mixed__r0p05__high,mixed,0.05,HIGH,mutual_information_select_k_best_k11,reduced_minus_full_baseline,decision_tree,,f1,5,0.009095897419167276,0.047561342068959546,-0.04995930873416085,0.0681511035724954,none_natural
mixed__r0p05__high,mixed,0.05,HIGH,mutual_information_select_k_best_k11,reduced_minus_full_baseline,decision_tree,,recall,5,0.000666666666666671,0.01570562531918633,-0.018834442861459997,0.020167776194793336,none_natural
mixed__r0p05__high,mixed,0.05,HIGH,pairwise_correlation_filter_natural,reduced_minus_full_baseline,logistic_regression,,average_precision,5,2.7868782967038763e-06,7.870314688565847e-06,-6.985408106630373e-06,1.2559164700038126e-05,none_natural
mixed__r0p05__high,mixed,0.05,HIGH,pairwise_correlation_filter_natural,reduced_minus_full_baseline,logistic_regression,,f1,5,0.0,0.0,0.0,0.0,none_natural
mixed__r0p05__high,mixed,0.05,HIGH,pairwise_correlation_filter_natural,reduced_minus_full_baseline,logistic_regression,,recall,5,0.0,0.0,0.0,0.0,none_natural
mixed__r0p05__high,mixed,0.05,HIGH,mutual_information_select_k_best_k11,reduced_minus_full_baseline,logistic_regression,,average_precision,5,0.008755317737646548,0.012186925285986316,-0.0063767486387737975,0.023887384114066892,none_natural
mixed__r0p05__high,mixed,0.05,HIGH,mutual_information_select_k_best_k11,reduced_minus_full_baseline,logistic_regression,,f1,5,0.0007887543908058736,0.0034081520120285373,-0.003443025262939046,0.005020534044550794,none_natural
mixed__r0p05__high,mixed,0.05,HIGH,mutual_information_select_k_best_k11,reduced_minus_full_baseline,logistic_regression,,recall,5,0.06666666666666668,0.05552777082985896,-0.0022801672733331335,0.1356135006066665,none_natural
