scenario_id,attack_type,attack_rate,attack_severity,classifier,comparison_type,configuration_id,reference_configuration_id,metric,paired_seed_count,mean_difference,std_difference,ci95_low,ci95_high,baseline_mean,configuration_mean,margin_percent,relative_degradation_percent,descriptively_preserved,rate_scenario,selection_performed,scenario_configuration_preserved
quantity_manipulation__r0p05__medium,quantity_manipulation,0.05,MEDIUM,decision_tree,reduced_minus_full_baseline,pairwise_correlation_filter_natural,none_natural,average_precision,5,0.0,0.0,0.0,0.0,0.7955115478100214,0.7955115478100214,5.0,0.0,True,False,False,True
quantity_manipulation__r0p05__medium,quantity_manipulation,0.05,MEDIUM,decision_tree,reduced_minus_full_baseline,pairwise_correlation_filter_natural,none_natural,f1,5,0.0,0.0,0.0,0.0,0.4976248126949982,0.4976248126949982,5.0,0.0,True,False,False,True
quantity_manipulation__r0p05__medium,quantity_manipulation,0.05,MEDIUM,decision_tree,reduced_minus_full_baseline,pairwise_correlation_filter_natural,none_natural,recall,5,0.0,0.0,0.0,0.0,0.8466666666666667,0.8466666666666667,10.0,0.0,True,False,False,True
quantity_manipulation__r0p05__medium,quantity_manipulation,0.05,MEDIUM,decision_tree,reduced_minus_full_baseline,mutual_information_select_k_best_k11,none_natural,average_precision,5,-0.00216014241457827,0.004076844669197978,-0.007222213666594356,0.0029019288374378164,0.7955115478100214,0.7933514053954431,5.0,0.27154130201189264,True,False,False,True
quantity_manipulation__r0p05__medium,quantity_manipulation,0.05,MEDIUM,decision_tree,reduced_minus_full_baseline,mutual_information_select_k_best_k11,none_natural,f1,5,0.01845640504225085,0.1337297862573898,-0.1475910560411665,0.18450386612566821,0.4976248126949982,0.5160812177372491,5.0,0.0,True,False,False,True
quantity_manipulation__r0p05__medium,quantity_manipulation,0.05,MEDIUM,decision_tree,reduced_minus_full_baseline,mutual_information_select_k_best_k11,none_natural,recall,5,-0.004666666666666664,0.01043498389499901,-0.01762341049093332,0.008290077157599992,0.8466666666666667,0.842,10.0,0.5511811023622096,True,False,False,True
quantity_manipulation__r0p05__medium,quantity_manipulation,0.05,MEDIUM,logistic_regression,reduced_minus_full_baseline,pairwise_correlation_filter_natural,none_natural,average_precision,5,-2.4398308614420605e-07,3.445615542023086e-06,-4.522279856329021e-06,4.034313684040609e-06,0.0539859149241679,0.053985670941081754,5.0,0.0004519384111335715,True,False,False,True
quantity_manipulation__r0p05__medium,quantity_manipulation,0.05,MEDIUM,logistic_regression,reduced_minus_full_baseline,pairwise_correlation_filter_natural,none_natural,f1,5,0.0,0.0,0.0,0.0,0.09053964107019721,0.09053964107019721,5.0,0.0,True,False,False,True
quantity_manipulation__r0p05__medium,quantity_manipulation,0.05,MEDIUM,logistic_regression,reduced_minus_full_baseline,pairwise_correlation_filter_natural,none_natural,recall,5,0.0,0.0,0.0,0.0,0.4333333333333333,0.4333333333333333,10.0,0.0,True,False,False,True
quantity_manipulation__r0p05__medium,quantity_manipulation,0.05,MEDIUM,logistic_regression,reduced_minus_full_baseline,mutual_information_select_k_best_k11,none_natural,average_precision,5,-0.002981847966212134,0.0036883291965616257,-0.007561513543110159,0.0015978176106858913,0.0539859149241679,0.051004066957955764,5.0,5.523381367900553,False,False,False,False
quantity_manipulation__r0p05__medium,quantity_manipulation,0.05,MEDIUM,logistic_regression,reduced_minus_full_baseline,mutual_information_select_k_best_k11,none_natural,f1,5,-0.001483426445154662,0.005068568013035099,-0.007776884869392533,0.00481003197908321,0.09053964107019721,0.08905621462504255,5.0,1.6384275745079757,True,False,False,False
quantity_manipulation__r0p05__medium,quantity_manipulation,0.05,MEDIUM,logistic_regression,reduced_minus_full_baseline,mutual_information_select_k_best_k11,none_natural,recall,5,0.057333333333333326,0.028905977851571736,0.02144182130213279,0.09322484536453386,0.4333333333333333,0.49066666666666664,10.0,0.0,True,False,False,False
value_manipulation__r0p05__medium,value_manipulation,0.05,MEDIUM,decision_tree,reduced_minus_full_baseline,pairwise_correlation_filter_natural,none_natural,average_precision,5,0.0,0.0,0.0,0.0,0.08636274452741091,0.08636274452741091,5.0,0.0,True,False,False,True
value_manipulation__r0p05__medium,value_manipulation,0.05,MEDIUM,decision_tree,reduced_minus_full_baseline,pairwise_correlation_filter_natural,none_natural,f1,5,0.0,0.0,0.0,0.0,0.1256740424064138,0.1256740424064138,5.0,0.0,True,False,False,True
value_manipulation__r0p05__medium,value_manipulation,0.05,MEDIUM,decision_tree,reduced_minus_full_baseline,pairwise_correlation_filter_natural,none_natural,recall,5,0.0,0.0,0.0,0.0,0.242,0.242,10.0,0.0,True,False,False,True
value_manipulation__r0p05__medium,value_manipulation,0.05,MEDIUM,decision_tree,reduced_minus_full_baseline,mutual_information_select_k_best_k11,none_natural,average_precision,5,0.011035675883541077,0.018434047068014575,-0.011853216702024468,0.033924568469106624,0.08636274452741091,0.097398420410952,5.0,0.0,True,False,False,True
value_manipulation__r0p05__medium,value_manipulation,0.05,MEDIUM,decision_tree,reduced_minus_full_baseline,mutual_information_select_k_best_k11,none_natural,f1,5,0.006622471660203047,0.015582790701166664,-0.012726118544995366,0.02597106186540146,0.1256740424064138,0.13229651406661685,5.0,0.0,True,False,False,True
value_manipulation__r0p05__medium,value_manipulation,0.05,MEDIUM,decision_tree,reduced_minus_full_baseline,mutual_information_select_k_best_k11,none_natural,recall,5,-0.00866666666666666,0.03313272970610447,-0.04980638430498566,0.032473050971652345,0.242,0.23333333333333334,10.0,3.5812672176308498,True,False,False,True
value_manipulation__r0p05__medium,value_manipulation,0.05,MEDIUM,logistic_regression,reduced_minus_full_baseline,pairwise_correlation_filter_natural,none_natural,average_precision,5,-4.4672195811806816e-07,2.2028708110958526e-06,-3.1819473369518873e-06,2.288503420715751e-06,0.05640146577682713,0.056401019054869016,5.0,0.0007920396251404788,True,False,False,True
value_manipulation__r0p05__medium,value_manipulation,0.05,MEDIUM,logistic_regression,reduced_minus_full_baseline,pairwise_correlation_filter_natural,none_natural,f1,5,0.0,0.0,0.0,0.0,0.08944442325542049,0.08944442325542049,5.0,0.0,True,False,False,True
value_manipulation__r0p05__medium,value_manipulation,0.05,MEDIUM,logistic_regression,reduced_minus_full_baseline,pairwise_correlation_filter_natural,none_natural,recall,5,0.0,0.0,0.0,0.0,0.4286666666666667,0.4286666666666667,10.0,0.0,True,False,False,True
value_manipulation__r0p05__medium,value_manipulation,0.05,MEDIUM,logistic_regression,reduced_minus_full_baseline,mutual_information_select_k_best_k11,none_natural,average_precision,5,-0.0032245947580746863,0.0037259537841220366,-0.007850977430793774,0.0014017879146444026,0.05640146577682713,0.053176871018752445,5.0,5.717218007833277,False,False,False,False
value_manipulation__r0p05__medium,value_manipulation,0.05,MEDIUM,logistic_regression,reduced_minus_full_baseline,mutual_information_select_k_best_k11,none_natural,f1,5,-0.001951153133113545,0.0040738843832050335,-0.007009548704587803,0.003107242438360713,0.08944442325542049,0.08749327012230693,5.0,2.1814139575161446,True,False,False,False
value_manipulation__r0p05__medium,value_manipulation,0.05,MEDIUM,logistic_regression,reduced_minus_full_baseline,mutual_information_select_k_best_k11,none_natural,recall,5,0.05266666666666666,0.0313935591412563,0.013686414505457059,0.09164691882787626,0.4286666666666667,0.48133333333333334,10.0,0.0,True,False,False,False
shipping_delivery_manipulation__r0p05__medium,shipping_delivery_manipulation,0.05,MEDIUM,decision_tree,reduced_minus_full_baseline,pairwise_correlation_filter_natural,none_natural,average_precision,5,0.0,0.0,0.0,0.0,0.04983721662591921,0.04983721662591921,5.0,0.0,True,False,False,True
shipping_delivery_manipulation__r0p05__medium,shipping_delivery_manipulation,0.05,MEDIUM,decision_tree,reduced_minus_full_baseline,pairwise_correlation_filter_natural,none_natural,f1,5,0.0,0.0,0.0,0.0,0.04995313683609929,0.04995313683609929,5.0,0.0,True,False,False,True
shipping_delivery_manipulation__r0p05__medium,shipping_delivery_manipulation,0.05,MEDIUM,decision_tree,reduced_minus_full_baseline,pairwise_correlation_filter_natural,none_natural,recall,5,0.0,0.0,0.0,0.0,0.14933333333333332,0.14933333333333332,10.0,0.0,True,False,False,True
shipping_delivery_manipulation__r0p05__medium,shipping_delivery_manipulation,0.05,MEDIUM,decision_tree,reduced_minus_full_baseline,mutual_information_select_k_best_k11,none_natural,average_precision,5,-0.0001796981463113731,0.0005789017902844936,-0.0008984996578039056,0.0005391033651811594,0.04983721662591921,0.04965751847960783,5.0,0.36057018926278017,True,False,False,False
shipping_delivery_manipulation__r0p05__medium,shipping_delivery_manipulation,0.05,MEDIUM,decision_tree,reduced_minus_full_baseline,mutual_information_select_k_best_k11,none_natural,f1,5,-0.0042273660445444755,0.02534590064024255,-0.0356984583716084,0.027243726282519448,0.04995313683609929,0.04572577079155481,5.0,8.462663833133941,False,False,False,False
shipping_delivery_manipulation__r0p05__medium,shipping_delivery_manipulation,0.05,MEDIUM,decision_tree,reduced_minus_full_baseline,mutual_information_select_k_best_k11,none_natural,recall,5,-0.007333333333333333,0.021653842358548954,-0.03422012981274462,0.019553463146077952,0.14933333333333332,0.142,10.0,4.910714285714285,True,False,False,False
shipping_delivery_manipulation__r0p05__medium,shipping_delivery_manipulation,0.05,MEDIUM,logistic_regression,reduced_minus_full_baseline,pairwise_correlation_filter_natural,none_natural,average_precision,5,-7.779598945240052e-07,2.6529321757132547e-06,-4.072010266786154e-06,2.5160904777381435e-06,0.052726927835686666,0.05272614987579214,5.0,0.0014754508302659989,True,False,False,True
shipping_delivery_manipulation__r0p05__medium,shipping_delivery_manipulation,0.05,MEDIUM,logistic_regression,reduced_minus_full_baseline,pairwise_correlation_filter_natural,none_natural,f1,5,0.0,0.0,0.0,0.0,0.08982694328656964,0.08982694328656964,5.0,0.0,True,False,False,True
shipping_delivery_manipulation__r0p05__medium,shipping_delivery_manipulation,0.05,MEDIUM,logistic_regression,reduced_minus_full_baseline,pairwise_correlation_filter_natural,none_natural,recall,5,0.0,0.0,0.0,0.0,0.43133333333333335,0.43133333333333335,10.0,0.0,True,False,False,True
shipping_delivery_manipulation__r0p05__medium,shipping_delivery_manipulation,0.05,MEDIUM,logistic_regression,reduced_minus_full_baseline,mutual_information_select_k_best_k11,none_natural,average_precision,5,-0.003287367480380295,0.001332657950131047,-0.004942080878979358,-0.0016326540817812314,0.052726927835686666,0.049439560355306375,5.0,6.234703244279165,False,False,False,False
shipping_delivery_manipulation__r0p05__medium,shipping_delivery_manipulation,0.05,MEDIUM,logistic_regression,reduced_minus_full_baseline,mutual_information_select_k_best_k11,none_natural,f1,5,-0.001052257197569889,0.0034619250538470685,-0.005350804901414838,0.00324629050627506,0.08982694328656964,0.08877468608899974,5.0,1.1714271454311178,True,False,False,False
shipping_delivery_manipulation__r0p05__medium,shipping_delivery_manipulation,0.05,MEDIUM,logistic_regression,reduced_minus_full_baseline,mutual_information_select_k_best_k11,none_natural,recall,5,0.05799999999999998,0.026520432374554783,0.025070533903691572,0.09092946609630839,0.43133333333333335,0.4893333333333333,10.0,0.0,True,False,False,False
transaction_status_manipulation__r0p05__medium,transaction_status_manipulation,0.05,MEDIUM,decision_tree,reduced_minus_full_baseline,pairwise_correlation_filter_natural,none_natural,average_precision,5,0.0,0.0,0.0,0.0,0.04983721662591921,0.04983721662591921,5.0,0.0,True,False,False,True
transaction_status_manipulation__r0p05__medium,transaction_status_manipulation,0.05,MEDIUM,decision_tree,reduced_minus_full_baseline,pairwise_correlation_filter_natural,none_natural,f1,5,0.0,0.0,0.0,0.0,0.04995313683609929,0.04995313683609929,5.0,0.0,True,False,False,True
transaction_status_manipulation__r0p05__medium,transaction_status_manipulation,0.05,MEDIUM,decision_tree,reduced_minus_full_baseline,pairwise_correlation_filter_natural,none_natural,recall,5,0.0,0.0,0.0,0.0,0.14933333333333332,0.14933333333333332,10.0,0.0,True,False,False,True
transaction_status_manipulation__r0p05__medium,transaction_status_manipulation,0.05,MEDIUM,decision_tree,reduced_minus_full_baseline,mutual_information_select_k_best_k11,none_natural,average_precision,5,-0.0001796981463113731,0.0005789017902844936,-0.0008984996578039056,0.0005391033651811594,0.04983721662591921,0.04965751847960783,5.0,0.36057018926278017,True,False,False,False
transaction_status_manipulation__r0p05__medium,transaction_status_manipulation,0.05,MEDIUM,decision_tree,reduced_minus_full_baseline,mutual_information_select_k_best_k11,none_natural,f1,5,-0.0042273660445444755,0.02534590064024255,-0.0356984583716084,0.027243726282519448,0.04995313683609929,0.04572577079155481,5.0,8.462663833133941,False,False,False,False
transaction_status_manipulation__r0p05__medium,transaction_status_manipulation,0.05,MEDIUM,decision_tree,reduced_minus_full_baseline,mutual_information_select_k_best_k11,none_natural,recall,5,-0.007333333333333333,0.021653842358548954,-0.03422012981274462,0.019553463146077952,0.14933333333333332,0.142,10.0,4.910714285714285,True,False,False,False
transaction_status_manipulation__r0p05__medium,transaction_status_manipulation,0.05,MEDIUM,logistic_regression,reduced_minus_full_baseline,pairwise_correlation_filter_natural,none_natural,average_precision,5,-7.779598945240052e-07,2.6529321757132547e-06,-4.072010266786154e-06,2.5160904777381435e-06,0.052726927835686666,0.05272614987579214,5.0,0.0014754508302659989,True,False,False,True
transaction_status_manipulation__r0p05__medium,transaction_status_manipulation,0.05,MEDIUM,logistic_regression,reduced_minus_full_baseline,pairwise_correlation_filter_natural,none_natural,f1,5,0.0,0.0,0.0,0.0,0.08982694328656964,0.08982694328656964,5.0,0.0,True,False,False,True
transaction_status_manipulation__r0p05__medium,transaction_status_manipulation,0.05,MEDIUM,logistic_regression,reduced_minus_full_baseline,pairwise_correlation_filter_natural,none_natural,recall,5,0.0,0.0,0.0,0.0,0.43133333333333335,0.43133333333333335,10.0,0.0,True,False,False,True
transaction_status_manipulation__r0p05__medium,transaction_status_manipulation,0.05,MEDIUM,logistic_regression,reduced_minus_full_baseline,mutual_information_select_k_best_k11,none_natural,average_precision,5,-0.003287367480380295,0.001332657950131047,-0.004942080878979358,-0.0016326540817812314,0.052726927835686666,0.049439560355306375,5.0,6.234703244279165,False,False,False,False
transaction_status_manipulation__r0p05__medium,transaction_status_manipulation,0.05,MEDIUM,logistic_regression,reduced_minus_full_baseline,mutual_information_select_k_best_k11,none_natural,f1,5,-0.001052257197569889,0.0034619250538470685,-0.005350804901414838,0.00324629050627506,0.08982694328656964,0.08877468608899974,5.0,1.1714271454311178,True,False,False,False
transaction_status_manipulation__r0p05__medium,transaction_status_manipulation,0.05,MEDIUM,logistic_regression,reduced_minus_full_baseline,mutual_information_select_k_best_k11,none_natural,recall,5,0.05799999999999998,0.026520432374554783,0.025070533903691572,0.09092946609630839,0.43133333333333335,0.4893333333333333,10.0,0.0,True,False,False,False
timestamp_manipulation__r0p05__medium,timestamp_manipulation,0.05,MEDIUM,decision_tree,reduced_minus_full_baseline,pairwise_correlation_filter_natural,none_natural,average_precision,5,0.0,0.0,0.0,0.0,0.04983721662591921,0.04983721662591921,5.0,0.0,True,False,False,True
timestamp_manipulation__r0p05__medium,timestamp_manipulation,0.05,MEDIUM,decision_tree,reduced_minus_full_baseline,pairwise_correlation_filter_natural,none_natural,f1,5,0.0,0.0,0.0,0.0,0.04995313683609929,0.04995313683609929,5.0,0.0,True,False,False,True
timestamp_manipulation__r0p05__medium,timestamp_manipulation,0.05,MEDIUM,decision_tree,reduced_minus_full_baseline,pairwise_correlation_filter_natural,none_natural,recall,5,0.0,0.0,0.0,0.0,0.14933333333333332,0.14933333333333332,10.0,0.0,True,False,False,True
timestamp_manipulation__r0p05__medium,timestamp_manipulation,0.05,MEDIUM,decision_tree,reduced_minus_full_baseline,mutual_information_select_k_best_k11,none_natural,average_precision,5,-0.0001796981463113731,0.0005789017902844936,-0.0008984996578039056,0.0005391033651811594,0.04983721662591921,0.04965751847960783,5.0,0.36057018926278017,True,False,False,False
timestamp_manipulation__r0p05__medium,timestamp_manipulation,0.05,MEDIUM,decision_tree,reduced_minus_full_baseline,mutual_information_select_k_best_k11,none_natural,f1,5,-0.0042273660445444755,0.02534590064024255,-0.0356984583716084,0.027243726282519448,0.04995313683609929,0.04572577079155481,5.0,8.462663833133941,False,False,False,False
timestamp_manipulation__r0p05__medium,timestamp_manipulation,0.05,MEDIUM,decision_tree,reduced_minus_full_baseline,mutual_information_select_k_best_k11,none_natural,recall,5,-0.007333333333333333,0.021653842358548954,-0.03422012981274462,0.019553463146077952,0.14933333333333332,0.142,10.0,4.910714285714285,True,False,False,False
timestamp_manipulation__r0p05__medium,timestamp_manipulation,0.05,MEDIUM,logistic_regression,reduced_minus_full_baseline,pairwise_correlation_filter_natural,none_natural,average_precision,5,-1.5499608956581756e-07,8.419897181522967e-07,-1.2004644094540896e-06,8.904722303224546e-07,0.052908373276762524,0.05290821828067296,5.0,0.0002929519090606401,True,False,False,True
timestamp_manipulation__r0p05__medium,timestamp_manipulation,0.05,MEDIUM,logistic_regression,reduced_minus_full_baseline,pairwise_correlation_filter_natural,none_natural,f1,5,0.0,0.0,0.0,0.0,0.0928582072187132,0.0928582072187132,5.0,0.0,True,False,False,True
timestamp_manipulation__r0p05__medium,timestamp_manipulation,0.05,MEDIUM,logistic_regression,reduced_minus_full_baseline,pairwise_correlation_filter_natural,none_natural,recall,5,0.0,0.0,0.0,0.0,0.44733333333333336,0.44733333333333336,10.0,0.0,True,False,False,True
timestamp_manipulation__r0p05__medium,timestamp_manipulation,0.05,MEDIUM,logistic_regression,reduced_minus_full_baseline,mutual_information_select_k_best_k11,none_natural,average_precision,5,-0.003389405282966225,0.001768225702431984,-0.005584947478376326,-0.0011938630875561237,0.052908373276762524,0.0495189679937963,5.0,6.406179349412844,False,False,False,False
timestamp_manipulation__r0p05__medium,timestamp_manipulation,0.05,MEDIUM,logistic_regression,reduced_minus_full_baseline,mutual_information_select_k_best_k11,none_natural,f1,5,-0.002317124521202668,0.004148089555737593,-0.007467657983891177,0.0028334089414858406,0.0928582072187132,0.09054108269751053,5.0,2.4953362665564267,True,False,False,False
timestamp_manipulation__r0p05__medium,timestamp_manipulation,0.05,MEDIUM,logistic_regression,reduced_minus_full_baseline,mutual_information_select_k_best_k11,none_natural,recall,5,0.05199999999999998,0.039200340134578765,0.003326348937512741,0.10067365106248721,0.44733333333333336,0.4993333333333333,10.0,0.0,True,False,False,False
geographic_route_manipulation__r0p05__medium,geographic_route_manipulation,0.05,MEDIUM,decision_tree,reduced_minus_full_baseline,pairwise_correlation_filter_natural,none_natural,average_precision,5,0.0,0.0,0.0,0.0,0.04983721662591921,0.04983721662591921,5.0,0.0,True,False,False,True
geographic_route_manipulation__r0p05__medium,geographic_route_manipulation,0.05,MEDIUM,decision_tree,reduced_minus_full_baseline,pairwise_correlation_filter_natural,none_natural,f1,5,0.0,0.0,0.0,0.0,0.04995313683609929,0.04995313683609929,5.0,0.0,True,False,False,True
geographic_route_manipulation__r0p05__medium,geographic_route_manipulation,0.05,MEDIUM,decision_tree,reduced_minus_full_baseline,pairwise_correlation_filter_natural,none_natural,recall,5,0.0,0.0,0.0,0.0,0.14933333333333332,0.14933333333333332,10.0,0.0,True,False,False,True
geographic_route_manipulation__r0p05__medium,geographic_route_manipulation,0.05,MEDIUM,decision_tree,reduced_minus_full_baseline,mutual_information_select_k_best_k11,none_natural,average_precision,5,-0.0001796981463113731,0.0005789017902844936,-0.0008984996578039056,0.0005391033651811594,0.04983721662591921,0.04965751847960783,5.0,0.36057018926278017,True,False,False,False
geographic_route_manipulation__r0p05__medium,geographic_route_manipulation,0.05,MEDIUM,decision_tree,reduced_minus_full_baseline,mutual_information_select_k_best_k11,none_natural,f1,5,-0.0042273660445444755,0.02534590064024255,-0.0356984583716084,0.027243726282519448,0.04995313683609929,0.04572577079155481,5.0,8.462663833133941,False,False,False,False
geographic_route_manipulation__r0p05__medium,geographic_route_manipulation,0.05,MEDIUM,decision_tree,reduced_minus_full_baseline,mutual_information_select_k_best_k11,none_natural,recall,5,-0.007333333333333333,0.021653842358548954,-0.03422012981274462,0.019553463146077952,0.14933333333333332,0.142,10.0,4.910714285714285,True,False,False,False
geographic_route_manipulation__r0p05__medium,geographic_route_manipulation,0.05,MEDIUM,logistic_regression,reduced_minus_full_baseline,pairwise_correlation_filter_natural,none_natural,average_precision,5,-7.779598945240052e-07,2.6529321757132547e-06,-4.072010266786154e-06,2.5160904777381435e-06,0.052726927835686666,0.05272614987579214,5.0,0.0014754508302659989,True,False,False,True
geographic_route_manipulation__r0p05__medium,geographic_route_manipulation,0.05,MEDIUM,logistic_regression,reduced_minus_full_baseline,pairwise_correlation_filter_natural,none_natural,f1,5,0.0,0.0,0.0,0.0,0.08982694328656964,0.08982694328656964,5.0,0.0,True,False,False,True
geographic_route_manipulation__r0p05__medium,geographic_route_manipulation,0.05,MEDIUM,logistic_regression,reduced_minus_full_baseline,pairwise_correlation_filter_natural,none_natural,recall,5,0.0,0.0,0.0,0.0,0.43133333333333335,0.43133333333333335,10.0,0.0,True,False,False,True
geographic_route_manipulation__r0p05__medium,geographic_route_manipulation,0.05,MEDIUM,logistic_regression,reduced_minus_full_baseline,mutual_information_select_k_best_k11,none_natural,average_precision,5,-0.003287367480380295,0.001332657950131047,-0.004942080878979358,-0.0016326540817812314,0.052726927835686666,0.049439560355306375,5.0,6.234703244279165,False,False,False,False
geographic_route_manipulation__r0p05__medium,geographic_route_manipulation,0.05,MEDIUM,logistic_regression,reduced_minus_full_baseline,mutual_information_select_k_best_k11,none_natural,f1,5,-0.001052257197569889,0.0034619250538470685,-0.005350804901414838,0.00324629050627506,0.08982694328656964,0.08877468608899974,5.0,1.1714271454311178,True,False,False,False
geographic_route_manipulation__r0p05__medium,geographic_route_manipulation,0.05,MEDIUM,logistic_regression,reduced_minus_full_baseline,mutual_information_select_k_best_k11,none_natural,recall,5,0.05799999999999998,0.026520432374554783,0.025070533903691572,0.09092946609630839,0.43133333333333335,0.4893333333333333,10.0,0.0,True,False,False,False
transaction_record_tampering__r0p05__medium,transaction_record_tampering,0.05,MEDIUM,decision_tree,reduced_minus_full_baseline,pairwise_correlation_filter_natural,none_natural,average_precision,5,0.0,0.0,0.0,0.0,0.4711506614910322,0.4711506614910322,5.0,0.0,True,False,False,True
transaction_record_tampering__r0p05__medium,transaction_record_tampering,0.05,MEDIUM,decision_tree,reduced_minus_full_baseline,pairwise_correlation_filter_natural,none_natural,f1,5,0.0,0.0,0.0,0.0,0.35500787445036647,0.35500787445036647,5.0,0.0,True,False,False,True
transaction_record_tampering__r0p05__medium,transaction_record_tampering,0.05,MEDIUM,decision_tree,reduced_minus_full_baseline,pairwise_correlation_filter_natural,none_natural,recall,5,0.0,0.0,0.0,0.0,0.5633333333333334,0.5633333333333334,10.0,0.0,True,False,False,True
transaction_record_tampering__r0p05__medium,transaction_record_tampering,0.05,MEDIUM,decision_tree,reduced_minus_full_baseline,mutual_information_select_k_best_k11,none_natural,average_precision,5,0.0052143651120909905,0.009714052651207313,-0.006847224341578543,0.017275954565760525,0.4711506614910322,0.4763650266031231,5.0,0.0,True,False,False,True
transaction_record_tampering__r0p05__medium,transaction_record_tampering,0.05,MEDIUM,decision_tree,reduced_minus_full_baseline,mutual_information_select_k_best_k11,none_natural,f1,5,0.013982656451792608,0.10198429769191027,-0.11264757437444822,0.14061288727803345,0.35500787445036647,0.36899053090215905,5.0,0.0,True,False,False,True
transaction_record_tampering__r0p05__medium,transaction_record_tampering,0.05,MEDIUM,decision_tree,reduced_minus_full_baseline,mutual_information_select_k_best_k11,none_natural,recall,5,-0.009999999999999998,0.02121320343559643,-0.03633967099257342,0.016339670992573423,0.5633333333333334,0.5533333333333333,10.0,1.7751479289940844,True,False,False,True
transaction_record_tampering__r0p05__medium,transaction_record_tampering,0.05,MEDIUM,logistic_regression,reduced_minus_full_baseline,pairwise_correlation_filter_natural,none_natural,average_precision,5,1.2594830369749844e-07,1.6427945938202635e-06,-1.91385059989452e-06,2.165747207289517e-06,0.05642133969010308,0.056421465638406776,5.0,0.0,True,False,False,True
transaction_record_tampering__r0p05__medium,transaction_record_tampering,0.05,MEDIUM,logistic_regression,reduced_minus_full_baseline,pairwise_correlation_filter_natural,none_natural,f1,5,0.0,0.0,0.0,0.0,0.09275415946463869,0.09275415946463869,5.0,0.0,True,False,False,True
transaction_record_tampering__r0p05__medium,transaction_record_tampering,0.05,MEDIUM,logistic_regression,reduced_minus_full_baseline,pairwise_correlation_filter_natural,none_natural,recall,5,0.0,0.0,0.0,0.0,0.44333333333333336,0.44333333333333336,10.0,0.0,True,False,False,True
transaction_record_tampering__r0p05__medium,transaction_record_tampering,0.05,MEDIUM,logistic_regression,reduced_minus_full_baseline,mutual_information_select_k_best_k11,none_natural,average_precision,5,-0.0011966119874834008,0.00855584000145927,-0.011820090491695462,0.00942686651672866,0.05642133969010308,0.05522472770261968,5.0,2.120850008269654,True,False,False,True
transaction_record_tampering__r0p05__medium,transaction_record_tampering,0.05,MEDIUM,logistic_regression,reduced_minus_full_baseline,mutual_information_select_k_best_k11,none_natural,f1,5,-0.002938145891918295,0.009064813917716796,-0.014193598983972603,0.008317307200136015,0.09275415946463869,0.08981601357272039,5.0,3.167670225116358,True,False,False,True
transaction_record_tampering__r0p05__medium,transaction_record_tampering,0.05,MEDIUM,logistic_regression,reduced_minus_full_baseline,mutual_information_select_k_best_k11,none_natural,recall,5,0.052666666666666674,0.036163210280308056,0.007764110402100219,0.09756922293123313,0.44333333333333336,0.496,10.0,0.0,True,False,False,True
mixed__r0p01__medium,mixed,0.01,MEDIUM,decision_tree,reduced_minus_full_baseline,pairwise_correlation_filter_natural,none_natural,average_precision,5,0.0,0.0,0.0,0.0,0.17556065494328216,0.17556065494328216,5.0,0.0,True,True,False,True
mixed__r0p01__medium,mixed,0.01,MEDIUM,decision_tree,reduced_minus_full_baseline,pairwise_correlation_filter_natural,none_natural,f1,5,0.0,0.0,0.0,0.0,0.07495918966425398,0.07495918966425398,5.0,0.0,True,True,False,True
mixed__r0p01__medium,mixed,0.01,MEDIUM,decision_tree,reduced_minus_full_baseline,pairwise_correlation_filter_natural,none_natural,recall,5,0.0,0.0,0.0,0.0,0.31333333333333335,0.31333333333333335,10.0,0.0,True,True,False,True
mixed__r0p01__medium,mixed,0.01,MEDIUM,decision_tree,reduced_minus_full_baseline,mutual_information_select_k_best_k11,none_natural,average_precision,5,-0.0021493632543948702,0.0021231232199817947,-0.004785568920398811,0.0004868424116090701,0.17556065494328216,0.1734112916888873,5.0,1.2242852791186283,True,True,False,True
mixed__r0p01__medium,mixed,0.01,MEDIUM,decision_tree,reduced_minus_full_baseline,mutual_information_select_k_best_k11,none_natural,f1,5,0.013378492315084154,0.0868217691991819,-0.09442497275998213,0.12118195739015045,0.07495918966425398,0.08833768197933814,5.0,0.0,True,True,False,True
mixed__r0p01__medium,mixed,0.01,MEDIUM,decision_tree,reduced_minus_full_baseline,mutual_information_select_k_best_k11,none_natural,recall,5,-0.01666666666666667,0.0372677996249965,-0.06294075175333336,0.02960741842000001,0.31333333333333335,0.2966666666666667,10.0,5.319148936170211,True,True,False,True
mixed__r0p01__medium,mixed,0.01,MEDIUM,logistic_regression,reduced_minus_full_baseline,pairwise_correlation_filter_natural,none_natural,average_precision,5,-5.7730721091456274e-08,5.948993835310065e-07,-7.963958681761074e-07,6.809344259931948e-07,0.012662535379033748,0.012662477648312655,5.0,0.0004559175501936676,True,True,False,True
mixed__r0p01__medium,mixed,0.01,MEDIUM,logistic_regression,reduced_minus_full_baseline,pairwise_correlation_filter_natural,none_natural,f1,5,0.0,0.0,0.0,0.0,0.019575887354823036,0.019575887354823036,5.0,0.0,True,True,False,True
mixed__r0p01__medium,mixed,0.01,MEDIUM,logistic_regression,reduced_minus_full_baseline,pairwise_correlation_filter_natural,none_natural,recall,5,0.0,0.0,0.0,0.0,0.4366666666666667,0.4366666666666667,10.0,0.0,True,True,False,True
mixed__r0p01__medium,mixed,0.01,MEDIUM,logistic_regression,reduced_minus_full_baseline,mutual_information_select_k_best_k11,none_natural,average_precision,5,-0.0008173670884073847,0.001645001894824876,-0.0028599067181900315,0.0012251725413752624,0.012662535379033748,0.011845168290626363,5.0,6.455003393402219,False,True,False,False
mixed__r0p01__medium,mixed,0.01,MEDIUM,logistic_regression,reduced_minus_full_baseline,mutual_information_select_k_best_k11,none_natural,f1,5,0.0009439938626947215,0.004974142988397215,-0.005232220407920692,0.007120208133310136,0.019575887354823036,0.020519881217517758,5.0,0.0,True,True,False,False
mixed__r0p01__medium,mixed,0.01,MEDIUM,logistic_regression,reduced_minus_full_baseline,mutual_information_select_k_best_k11,none_natural,recall,5,0.09333333333333334,0.14366241293006635,-0.08504711269715474,0.2717137793638214,0.4366666666666667,0.53,10.0,0.0,True,True,False,False
mixed__r0p03__medium,mixed,0.03,MEDIUM,decision_tree,reduced_minus_full_baseline,pairwise_correlation_filter_natural,none_natural,average_precision,5,0.0,0.0,0.0,0.0,0.20004804759368203,0.20004804759368203,5.0,0.0,True,True,False,True
mixed__r0p03__medium,mixed,0.03,MEDIUM,decision_tree,reduced_minus_full_baseline,pairwise_correlation_filter_natural,none_natural,f1,5,0.0,0.0,0.0,0.0,0.15272041353575805,0.15272041353575805,5.0,0.0,True,True,False,True
mixed__r0p03__medium,mixed,0.03,MEDIUM,decision_tree,reduced_minus_full_baseline,pairwise_correlation_filter_natural,none_natural,recall,5,0.0,0.0,0.0,0.0,0.30666666666666664,0.30666666666666664,10.0,0.0,True,True,False,True
mixed__r0p03__medium,mixed,0.03,MEDIUM,decision_tree,reduced_minus_full_baseline,mutual_information_select_k_best_k11,none_natural,average_precision,5,0.0030204509942027393,0.008033552567100836,-0.006954522006051725,0.012995423994457203,0.20004804759368203,0.20306849858788473,5.0,0.0,True,True,False,True
mixed__r0p03__medium,mixed,0.03,MEDIUM,decision_tree,reduced_minus_full_baseline,mutual_information_select_k_best_k11,none_natural,f1,5,0.008284304100247383,0.06725788600049011,-0.07522739154192051,0.09179599974241529,0.15272041353575805,0.16100471763600543,5.0,0.0,True,True,False,True
mixed__r0p03__medium,mixed,0.03,MEDIUM,decision_tree,reduced_minus_full_baseline,mutual_information_select_k_best_k11,none_natural,recall,5,-0.0066666666666666706,0.025276251480171843,-0.0380512781391656,0.024717944805832257,0.30666666666666664,0.3,10.0,2.1739130434782568,True,True,False,True
mixed__r0p03__medium,mixed,0.03,MEDIUM,logistic_regression,reduced_minus_full_baseline,pairwise_correlation_filter_natural,none_natural,average_precision,5,7.997044989271895e-08,8.715577462172889e-07,-1.0022114259417617e-06,1.1621523257271994e-06,0.03282466955296396,0.03282474952341385,5.0,0.0,True,True,False,True
mixed__r0p03__medium,mixed,0.03,MEDIUM,logistic_regression,reduced_minus_full_baseline,pairwise_correlation_filter_natural,none_natural,f1,5,0.0,0.0,0.0,0.0,0.05576164344995103,0.05576164344995103,5.0,0.0,True,True,False,True
mixed__r0p03__medium,mixed,0.03,MEDIUM,logistic_regression,reduced_minus_full_baseline,pairwise_correlation_filter_natural,none_natural,recall,5,0.0,0.0,0.0,0.0,0.4322222222222223,0.4322222222222223,10.0,0.0,True,True,False,True
mixed__r0p03__medium,mixed,0.03,MEDIUM,logistic_regression,reduced_minus_full_baseline,mutual_information_select_k_best_k11,none_natural,average_precision,5,-0.0015203964821643469,0.0019183777313007502,-0.003902377046078196,0.000861584081749502,0.03282466955296396,0.03130427307079961,5.0,4.631871403034623,True,True,False,True
mixed__r0p03__medium,mixed,0.03,MEDIUM,logistic_regression,reduced_minus_full_baseline,mutual_information_select_k_best_k11,none_natural,f1,5,0.003224115994337841,0.004715689457701293,-0.00263118583200354,0.009079417820679222,0.05576164344995103,0.05898575944428887,5.0,0.0,True,True,False,True
mixed__r0p03__medium,mixed,0.03,MEDIUM,logistic_regression,reduced_minus_full_baseline,mutual_information_select_k_best_k11,none_natural,recall,5,0.0911111111111111,0.05939509893735155,0.01736235509079241,0.1648598671314298,0.4322222222222223,0.5233333333333333,10.0,0.0,True,True,False,True
mixed__r0p05__medium,mixed,0.05,MEDIUM,decision_tree,reduced_minus_full_baseline,pairwise_correlation_filter_natural,none_natural,average_precision,5,0.0,0.0,0.0,0.0,0.22208384690725302,0.22208384690725302,5.0,0.0,True,True,False,True
mixed__r0p05__medium,mixed,0.05,MEDIUM,decision_tree,reduced_minus_full_baseline,pairwise_correlation_filter_natural,none_natural,f1,5,0.0,0.0,0.0,0.0,0.18900476213886785,0.18900476213886785,5.0,0.0,True,True,False,True
mixed__r0p05__medium,mixed,0.05,MEDIUM,decision_tree,reduced_minus_full_baseline,pairwise_correlation_filter_natural,none_natural,recall,5,0.0,0.0,0.0,0.0,0.30533333333333335,0.30533333333333335,10.0,0.0,True,True,False,True
mixed__r0p05__medium,mixed,0.05,MEDIUM,decision_tree,reduced_minus_full_baseline,mutual_information_select_k_best_k11,none_natural,average_precision,5,0.0028573434426328705,0.008246996458266558,-0.007382655152918804,0.013097342038184544,0.22208384690725302,0.2249411903498859,5.0,0.0,True,True,False,True
mixed__r0p05__medium,mixed,0.05,MEDIUM,decision_tree,reduced_minus_full_baseline,mutual_information_select_k_best_k11,none_natural,f1,5,0.0031160812277668455,0.0386167705210672,-0.04483297245517681,0.051065134910710505,0.18900476213886785,0.19212084336663468,5.0,0.0,True,True,False,True
mixed__r0p05__medium,mixed,0.05,MEDIUM,decision_tree,reduced_minus_full_baseline,mutual_information_select_k_best_k11,none_natural,recall,5,-0.005333333333333334,0.025884358211089562,-0.037473009040678774,0.026806342374012103,0.30533333333333335,0.3,10.0,1.746724890829702,True,True,False,True
mixed__r0p05__medium,mixed,0.05,MEDIUM,logistic_regression,reduced_minus_full_baseline,pairwise_correlation_filter_natural,none_natural,average_precision,5,1.621596969217376e-07,1.0125271523129815e-06,-1.0950588153100696e-06,1.419378209153545e-06,0.051149797360171737,0.05114995951986866,5.0,0.0,True,True,False,True
mixed__r0p05__medium,mixed,0.05,MEDIUM,logistic_regression,reduced_minus_full_baseline,pairwise_correlation_filter_natural,none_natural,f1,5,0.0,0.0,0.0,0.0,0.08734827100957092,0.08734827100957092,5.0,0.0,True,True,False,True
mixed__r0p05__medium,mixed,0.05,MEDIUM,logistic_regression,reduced_minus_full_baseline,pairwise_correlation_filter_natural,none_natural,recall,5,0.0,0.0,0.0,0.0,0.42333333333333334,0.42333333333333334,10.0,0.0,True,True,False,True
mixed__r0p05__medium,mixed,0.05,MEDIUM,logistic_regression,reduced_minus_full_baseline,mutual_information_select_k_best_k11,none_natural,average_precision,5,2.072058327960702e-05,0.0021008526368630704,-0.002587832501446787,0.002629273668006001,0.051149797360171737,0.051170517943451344,5.0,0.0,True,True,False,True
mixed__r0p05__medium,mixed,0.05,MEDIUM,logistic_regression,reduced_minus_full_baseline,mutual_information_select_k_best_k11,none_natural,f1,5,0.0051091021923726585,0.0024883282330764806,0.0020194346096451526,0.008198769775100164,0.08734827100957092,0.09245737320194357,5.0,0.0,True,True,False,True
mixed__r0p05__medium,mixed,0.05,MEDIUM,logistic_regression,reduced_minus_full_baseline,mutual_information_select_k_best_k11,none_natural,recall,5,0.08666666666666667,0.04760952285695233,0.027551636163482766,0.14578169716985057,0.42333333333333334,0.51,10.0,0.0,True,True,False,True
mixed__r0p10__medium,mixed,0.1,MEDIUM,decision_tree,reduced_minus_full_baseline,pairwise_correlation_filter_natural,none_natural,average_precision,5,0.0,0.0,0.0,0.0,0.28681804859786064,0.28681804859786064,5.0,0.0,True,True,False,True
mixed__r0p10__medium,mixed,0.1,MEDIUM,decision_tree,reduced_minus_full_baseline,pairwise_correlation_filter_natural,none_natural,f1,5,0.0,0.0,0.0,0.0,0.26161865825303293,0.26161865825303293,5.0,0.0,True,True,False,True
mixed__r0p10__medium,mixed,0.1,MEDIUM,decision_tree,reduced_minus_full_baseline,pairwise_correlation_filter_natural,none_natural,recall,5,0.0,0.0,0.0,0.0,0.32399999999999995,0.32399999999999995,10.0,0.0,True,True,False,True
mixed__r0p10__medium,mixed,0.1,MEDIUM,decision_tree,reduced_minus_full_baseline,mutual_information_select_k_best_k11,none_natural,average_precision,5,0.0025362560179102767,0.007561406199631676,-0.006852469835974583,0.011924981871795136,0.28681804859786064,0.2893543046157709,5.0,0.0,True,True,False,True
mixed__r0p10__medium,mixed,0.1,MEDIUM,decision_tree,reduced_minus_full_baseline,mutual_information_select_k_best_k11,none_natural,f1,5,0.000609209004655703,0.016618899244614672,-0.020025879877174465,0.02124429788648587,0.26161865825303293,0.26222786725768865,5.0,0.0,True,True,False,True
mixed__r0p10__medium,mixed,0.1,MEDIUM,decision_tree,reduced_minus_full_baseline,mutual_information_select_k_best_k11,none_natural,recall,5,-0.0053333333333333175,0.01973434682082091,-0.02983676130883303,0.01917009464216639,0.32399999999999995,0.31866666666666665,10.0,1.6460905349794142,True,True,False,True
mixed__r0p10__medium,mixed,0.1,MEDIUM,logistic_regression,reduced_minus_full_baseline,pairwise_correlation_filter_natural,none_natural,average_precision,5,3.4501296815037107e-07,7.304299585909474e-07,-5.619356146421953e-07,1.2519615509429375e-06,0.1025729972901833,0.10257334230315145,5.0,0.0,True,True,False,True
mixed__r0p10__medium,mixed,0.1,MEDIUM,logistic_regression,reduced_minus_full_baseline,pairwise_correlation_filter_natural,none_natural,f1,5,0.0,0.0,0.0,0.0,0.16244186386852216,0.16244186386852216,5.0,0.0,True,True,False,True
mixed__r0p10__medium,mixed,0.1,MEDIUM,logistic_regression,reduced_minus_full_baseline,pairwise_correlation_filter_natural,none_natural,recall,5,0.0,0.0,0.0,0.0,0.434,0.434,10.0,0.0,True,True,False,True
mixed__r0p10__medium,mixed,0.1,MEDIUM,logistic_regression,reduced_minus_full_baseline,mutual_information_select_k_best_k11,none_natural,average_precision,5,0.000578835270523817,0.004602415147129882,-0.00513581792245958,0.006293488463507213,0.1025729972901833,0.10315183256070712,5.0,0.0,True,True,False,True
mixed__r0p10__medium,mixed,0.1,MEDIUM,logistic_regression,reduced_minus_full_baseline,mutual_information_select_k_best_k11,none_natural,f1,5,0.006158100849931814,0.010492863739312082,-0.00687051029324008,0.019186711993103706,0.16244186386852216,0.16859996471845395,5.0,0.0,True,True,False,True
mixed__r0p10__medium,mixed,0.1,MEDIUM,logistic_regression,reduced_minus_full_baseline,mutual_information_select_k_best_k11,none_natural,recall,5,0.07200000000000002,0.05620399353149997,0.002213524676603809,0.14178647532339622,0.434,0.506,10.0,0.0,True,True,False,True
mixed__r0p05__low,mixed,0.05,LOW,decision_tree,reduced_minus_full_baseline,pairwise_correlation_filter_natural,none_natural,average_precision,5,0.0,0.0,0.0,0.0,0.07528984138668714,0.07528984138668714,5.0,0.0,True,False,False,True
mixed__r0p05__low,mixed,0.05,LOW,decision_tree,reduced_minus_full_baseline,pairwise_correlation_filter_natural,none_natural,f1,5,0.0,0.0,0.0,0.0,0.07403277545606507,0.07403277545606507,5.0,0.0,True,False,False,True
mixed__r0p05__low,mixed,0.05,LOW,decision_tree,reduced_minus_full_baseline,pairwise_correlation_filter_natural,none_natural,recall,5,0.0,0.0,0.0,0.0,0.17333333333333334,0.17333333333333334,10.0,0.0,True,False,False,True
mixed__r0p05__low,mixed,0.05,LOW,decision_tree,reduced_minus_full_baseline,mutual_information_select_k_best_k11,none_natural,average_precision,5,0.0003002605429615307,0.0028644469359333626,-0.0032564200921548357,0.0038569411780778975,0.07528984138668714,0.07559010192964867,5.0,0.0,True,False,False,False
mixed__r0p05__low,mixed,0.05,LOW,decision_tree,reduced_minus_full_baseline,mutual_information_select_k_best_k11,none_natural,f1,5,-0.006463213038309155,0.01742971891493977,-0.028105067513818242,0.015178641437199934,0.07403277545606507,0.06756956241775591,5.0,8.73020496461701,False,False,False,False
mixed__r0p05__low,mixed,0.05,LOW,decision_tree,reduced_minus_full_baseline,mutual_information_select_k_best_k11,none_natural,recall,5,-0.007333333333333331,0.026076809620810593,-0.03971196902753313,0.025045302360866467,0.17333333333333334,0.166,10.0,4.230769230769229,True,False,False,False
mixed__r0p05__low,mixed,0.05,LOW,logistic_regression,reduced_minus_full_baseline,pairwise_correlation_filter_natural,none_natural,average_precision,5,-1.6221317287318238e-07,5.254588781332062e-07,-8.146565443882421e-07,4.902301986418774e-07,0.05069493711774509,0.050694774904572214,5.0,0.000319979039517147,True,False,False,True
mixed__r0p05__low,mixed,0.05,LOW,logistic_regression,reduced_minus_full_baseline,pairwise_correlation_filter_natural,none_natural,f1,5,0.0,0.0,0.0,0.0,0.08650272346378086,0.08650272346378086,5.0,0.0,True,False,False,True
mixed__r0p05__low,mixed,0.05,LOW,logistic_regression,reduced_minus_full_baseline,pairwise_correlation_filter_natural,none_natural,recall,5,0.0,0.0,0.0,0.0,0.41933333333333334,0.41933333333333334,10.0,0.0,True,False,False,True
mixed__r0p05__low,mixed,0.05,LOW,logistic_regression,reduced_minus_full_baseline,mutual_information_select_k_best_k11,none_natural,average_precision,5,-6.707230357081983e-05,0.0025555811591705946,-0.0032402454234033125,0.0031061008162616725,0.05069493711774509,0.050627864814174264,5.0,0.13230572397207854,True,False,False,True
mixed__r0p05__low,mixed,0.05,LOW,logistic_regression,reduced_minus_full_baseline,mutual_information_select_k_best_k11,none_natural,f1,5,0.00707438109578074,0.0036215982323890266,0.0025775729546613233,0.011571189236900158,0.08650272346378086,0.0935771045595616,5.0,0.0,True,False,False,True
mixed__r0p05__low,mixed,0.05,LOW,logistic_regression,reduced_minus_full_baseline,mutual_information_select_k_best_k11,none_natural,recall,5,0.09733333333333333,0.04951991742947703,0.03584623466707975,0.1588204319995869,0.41933333333333334,0.5166666666666667,10.0,0.0,True,False,False,True
mixed__r0p05__high,mixed,0.05,HIGH,decision_tree,reduced_minus_full_baseline,pairwise_correlation_filter_natural,none_natural,average_precision,5,0.0,0.0,0.0,0.0,0.2140534733454603,0.2140534733454603,5.0,0.0,True,False,False,True
mixed__r0p05__high,mixed,0.05,HIGH,decision_tree,reduced_minus_full_baseline,pairwise_correlation_filter_natural,none_natural,f1,5,0.0,0.0,0.0,0.0,0.19126857884446474,0.19126857884446474,5.0,0.0,True,False,False,True
mixed__r0p05__high,mixed,0.05,HIGH,decision_tree,reduced_minus_full_baseline,pairwise_correlation_filter_natural,none_natural,recall,5,0.0,0.0,0.0,0.0,0.316,0.316,10.0,0.0,True,False,False,True
mixed__r0p05__high,mixed,0.05,HIGH,decision_tree,reduced_minus_full_baseline,mutual_information_select_k_best_k11,none_natural,average_precision,5,0.010791354392225883,0.013848077937100382,-0.006403305426605176,0.027986014211056943,0.2140534733454603,0.22484482773768621,5.0,0.0,True,False,False,True
mixed__r0p05__high,mixed,0.05,HIGH,decision_tree,reduced_minus_full_baseline,mutual_information_select_k_best_k11,none_natural,f1,5,0.009095897419167276,0.047561342068959546,-0.04995930873416085,0.0681511035724954,0.19126857884446474,0.200364476263632,5.0,0.0,True,False,False,True
mixed__r0p05__high,mixed,0.05,HIGH,decision_tree,reduced_minus_full_baseline,mutual_information_select_k_best_k11,none_natural,recall,5,0.000666666666666671,0.01570562531918633,-0.018834442861459997,0.020167776194793336,0.316,0.31666666666666665,10.0,0.0,True,False,False,True
mixed__r0p05__high,mixed,0.05,HIGH,logistic_regression,reduced_minus_full_baseline,pairwise_correlation_filter_natural,none_natural,average_precision,5,2.7868782967038763e-06,7.870314688565847e-06,-6.985408106630373e-06,1.2559164700038126e-05,0.059980322727390775,0.05998310960568748,5.0,0.0,True,False,False,True
mixed__r0p05__high,mixed,0.05,HIGH,logistic_regression,reduced_minus_full_baseline,pairwise_correlation_filter_natural,none_natural,f1,5,0.0,0.0,0.0,0.0,0.09268296771736557,0.09268296771736557,5.0,0.0,True,False,False,True
mixed__r0p05__high,mixed,0.05,HIGH,logistic_regression,reduced_minus_full_baseline,pairwise_correlation_filter_natural,none_natural,recall,5,0.0,0.0,0.0,0.0,0.44866666666666666,0.44866666666666666,10.0,0.0,True,False,False,True
mixed__r0p05__high,mixed,0.05,HIGH,logistic_regression,reduced_minus_full_baseline,mutual_information_select_k_best_k11,none_natural,average_precision,5,0.008755317737646548,0.012186925285986316,-0.0063767486387737975,0.023887384114066892,0.059980322727390775,0.06873564046503733,5.0,0.0,True,False,False,True
mixed__r0p05__high,mixed,0.05,HIGH,logistic_regression,reduced_minus_full_baseline,mutual_information_select_k_best_k11,none_natural,f1,5,0.0007887543908058736,0.0034081520120285373,-0.003443025262939046,0.005020534044550794,0.09268296771736557,0.09347172210817145,5.0,0.0,True,False,False,True
mixed__r0p05__high,mixed,0.05,HIGH,logistic_regression,reduced_minus_full_baseline,mutual_information_select_k_best_k11,none_natural,recall,5,0.06666666666666668,0.05552777082985896,-0.0022801672733331335,0.1356135006066665,0.44866666666666666,0.5153333333333333,10.0,0.0,True,False,False,True
