classifier,configuration_id,scenario_id,attack_type,attack_rate,attack_severity,metric,count,mean,std,min,max,ci95_low,ci95_high
decision_tree,none_natural,quantity_manipulation__r0p05__medium,quantity_manipulation,0.05,MEDIUM,visible_feature_attack_count,5,300.0,0.0,300.0,300.0,300.0,300.0
decision_tree,none_natural,quantity_manipulation__r0p05__medium,quantity_manipulation,0.05,MEDIUM,invisible_feature_attack_count,5,0.0,0.0,0.0,0.0,0.0,0.0
decision_tree,none_natural,quantity_manipulation__r0p05__medium,quantity_manipulation,0.05,MEDIUM,selected_feature_visibility_rate,5,1.0,0.0,1.0,1.0,1.0,1.0
decision_tree,none_natural,quantity_manipulation__r0p05__medium,quantity_manipulation,0.05,MEDIUM,visible_attack_recall,5,0.8466666666666667,0.10501322668015577,0.77,1.0,0.7162755237626026,0.9770578095707307
decision_tree,none_natural,quantity_manipulation__r0p05__medium,quantity_manipulation,0.05,MEDIUM,invisible_attack_recall,0,,,,,,
decision_tree,none_natural,quantity_manipulation__r0p05__medium,quantity_manipulation,0.05,MEDIUM,visible_attack_f1,5,0.4976248126949983,0.26499892658075963,0.22404779686333084,0.8498168498168498,0.16858518599676503,0.8266644393932316
logistic_regression,none_natural,quantity_manipulation__r0p05__medium,quantity_manipulation,0.05,MEDIUM,visible_feature_attack_count,5,300.0,0.0,300.0,300.0,300.0,300.0
logistic_regression,none_natural,quantity_manipulation__r0p05__medium,quantity_manipulation,0.05,MEDIUM,invisible_feature_attack_count,5,0.0,0.0,0.0,0.0,0.0,0.0
logistic_regression,none_natural,quantity_manipulation__r0p05__medium,quantity_manipulation,0.05,MEDIUM,selected_feature_visibility_rate,5,1.0,0.0,1.0,1.0,1.0,1.0
logistic_regression,none_natural,quantity_manipulation__r0p05__medium,quantity_manipulation,0.05,MEDIUM,visible_attack_recall,5,0.4333333333333333,0.049721446300587654,0.38,0.51,0.3715960035232228,0.4950706631434438
logistic_regression,none_natural,quantity_manipulation__r0p05__medium,quantity_manipulation,0.05,MEDIUM,invisible_attack_recall,0,,,,,,
logistic_regression,none_natural,quantity_manipulation__r0p05__medium,quantity_manipulation,0.05,MEDIUM,visible_attack_f1,5,0.09053964107019721,0.008688436099149982,0.08153180975911056,0.10201342281879194,0.07975152276518016,0.10132775937521427
decision_tree,pairwise_correlation_filter_natural,quantity_manipulation__r0p05__medium,quantity_manipulation,0.05,MEDIUM,visible_feature_attack_count,5,300.0,0.0,300.0,300.0,300.0,300.0
decision_tree,pairwise_correlation_filter_natural,quantity_manipulation__r0p05__medium,quantity_manipulation,0.05,MEDIUM,invisible_feature_attack_count,5,0.0,0.0,0.0,0.0,0.0,0.0
decision_tree,pairwise_correlation_filter_natural,quantity_manipulation__r0p05__medium,quantity_manipulation,0.05,MEDIUM,selected_feature_visibility_rate,5,1.0,0.0,1.0,1.0,1.0,1.0
decision_tree,pairwise_correlation_filter_natural,quantity_manipulation__r0p05__medium,quantity_manipulation,0.05,MEDIUM,visible_attack_recall,5,0.8466666666666667,0.10501322668015577,0.77,1.0,0.7162755237626026,0.9770578095707307
decision_tree,pairwise_correlation_filter_natural,quantity_manipulation__r0p05__medium,quantity_manipulation,0.05,MEDIUM,invisible_attack_recall,0,,,,,,
decision_tree,pairwise_correlation_filter_natural,quantity_manipulation__r0p05__medium,quantity_manipulation,0.05,MEDIUM,visible_attack_f1,5,0.4976248126949983,0.26499892658075963,0.22404779686333084,0.8498168498168498,0.16858518599676503,0.8266644393932316
logistic_regression,pairwise_correlation_filter_natural,quantity_manipulation__r0p05__medium,quantity_manipulation,0.05,MEDIUM,visible_feature_attack_count,5,300.0,0.0,300.0,300.0,300.0,300.0
logistic_regression,pairwise_correlation_filter_natural,quantity_manipulation__r0p05__medium,quantity_manipulation,0.05,MEDIUM,invisible_feature_attack_count,5,0.0,0.0,0.0,0.0,0.0,0.0
logistic_regression,pairwise_correlation_filter_natural,quantity_manipulation__r0p05__medium,quantity_manipulation,0.05,MEDIUM,selected_feature_visibility_rate,5,1.0,0.0,1.0,1.0,1.0,1.0
logistic_regression,pairwise_correlation_filter_natural,quantity_manipulation__r0p05__medium,quantity_manipulation,0.05,MEDIUM,visible_attack_recall,5,0.4333333333333333,0.049721446300587654,0.38,0.51,0.3715960035232228,0.4950706631434438
logistic_regression,pairwise_correlation_filter_natural,quantity_manipulation__r0p05__medium,quantity_manipulation,0.05,MEDIUM,invisible_attack_recall,0,,,,,,
logistic_regression,pairwise_correlation_filter_natural,quantity_manipulation__r0p05__medium,quantity_manipulation,0.05,MEDIUM,visible_attack_f1,5,0.09053964107019721,0.008688436099149982,0.08153180975911056,0.10201342281879194,0.07975152276518016,0.10132775937521427
decision_tree,mutual_information_select_k_best_k11,quantity_manipulation__r0p05__medium,quantity_manipulation,0.05,MEDIUM,visible_feature_attack_count,5,300.0,0.0,300.0,300.0,300.0,300.0
decision_tree,mutual_information_select_k_best_k11,quantity_manipulation__r0p05__medium,quantity_manipulation,0.05,MEDIUM,invisible_feature_attack_count,5,0.0,0.0,0.0,0.0,0.0,0.0
decision_tree,mutual_information_select_k_best_k11,quantity_manipulation__r0p05__medium,quantity_manipulation,0.05,MEDIUM,selected_feature_visibility_rate,5,1.0,0.0,1.0,1.0,1.0,1.0
decision_tree,mutual_information_select_k_best_k11,quantity_manipulation__r0p05__medium,quantity_manipulation,0.05,MEDIUM,visible_attack_recall,5,0.842,0.10933130079411539,0.7533333333333333,1.0,0.7062472599270524,0.9777527400729475
decision_tree,mutual_information_select_k_best_k11,quantity_manipulation__r0p05__medium,quantity_manipulation,0.05,MEDIUM,invisible_attack_recall,0,,,,,,
decision_tree,mutual_information_select_k_best_k11,quantity_manipulation__r0p05__medium,quantity_manipulation,0.05,MEDIUM,visible_attack_f1,5,0.5160812177372491,0.27510763041804115,0.2249718785151856,0.8417132216014898,0.17448997741574918,0.8576724580587491
logistic_regression,mutual_information_select_k_best_k11,quantity_manipulation__r0p05__medium,quantity_manipulation,0.05,MEDIUM,visible_feature_attack_count,5,300.0,0.0,300.0,300.0,300.0,300.0
logistic_regression,mutual_information_select_k_best_k11,quantity_manipulation__r0p05__medium,quantity_manipulation,0.05,MEDIUM,invisible_feature_attack_count,5,0.0,0.0,0.0,0.0,0.0,0.0
logistic_regression,mutual_information_select_k_best_k11,quantity_manipulation__r0p05__medium,quantity_manipulation,0.05,MEDIUM,selected_feature_visibility_rate,5,1.0,0.0,1.0,1.0,1.0,1.0
logistic_regression,mutual_information_select_k_best_k11,quantity_manipulation__r0p05__medium,quantity_manipulation,0.05,MEDIUM,visible_attack_recall,5,0.49066666666666664,0.06134601318205882,0.41333333333333333,0.5633333333333334,0.41449553066511013,0.5668378026682231
logistic_regression,mutual_information_select_k_best_k11,quantity_manipulation__r0p05__medium,quantity_manipulation,0.05,MEDIUM,invisible_attack_recall,0,,,,,,
logistic_regression,mutual_information_select_k_best_k11,quantity_manipulation__r0p05__medium,quantity_manipulation,0.05,MEDIUM,visible_attack_f1,5,0.08905621462504257,0.005248901307794379,0.08281573498964803,0.09481065918653576,0.08253884284102446,0.09557358640906068
decision_tree,none_natural,value_manipulation__r0p05__medium,value_manipulation,0.05,MEDIUM,visible_feature_attack_count,5,300.0,0.0,300.0,300.0,300.0,300.0
decision_tree,none_natural,value_manipulation__r0p05__medium,value_manipulation,0.05,MEDIUM,invisible_feature_attack_count,5,0.0,0.0,0.0,0.0,0.0,0.0
decision_tree,none_natural,value_manipulation__r0p05__medium,value_manipulation,0.05,MEDIUM,selected_feature_visibility_rate,5,1.0,0.0,1.0,1.0,1.0,1.0
decision_tree,none_natural,value_manipulation__r0p05__medium,value_manipulation,0.05,MEDIUM,visible_attack_recall,5,0.242,0.16922371780181011,0.05,0.44666666666666666,0.031881001963131955,0.45211899803686806
decision_tree,none_natural,value_manipulation__r0p05__medium,value_manipulation,0.05,MEDIUM,invisible_attack_recall,0,,,,,,
decision_tree,none_natural,value_manipulation__r0p05__medium,value_manipulation,0.05,MEDIUM,visible_attack_f1,5,0.1256740424064138,0.045413722105719645,0.0911854103343465,0.20512820512820512,0.06928545864326648,0.18206262616956115
logistic_regression,none_natural,value_manipulation__r0p05__medium,value_manipulation,0.05,MEDIUM,visible_feature_attack_count,5,300.0,0.0,300.0,300.0,300.0,300.0
logistic_regression,none_natural,value_manipulation__r0p05__medium,value_manipulation,0.05,MEDIUM,invisible_feature_attack_count,5,0.0,0.0,0.0,0.0,0.0,0.0
logistic_regression,none_natural,value_manipulation__r0p05__medium,value_manipulation,0.05,MEDIUM,selected_feature_visibility_rate,5,1.0,0.0,1.0,1.0,1.0,1.0
logistic_regression,none_natural,value_manipulation__r0p05__medium,value_manipulation,0.05,MEDIUM,visible_attack_recall,5,0.42866666666666664,0.054853339815264586,0.37,0.5166666666666667,0.3605572494367614,0.4967760838965719
logistic_regression,none_natural,value_manipulation__r0p05__medium,value_manipulation,0.05,MEDIUM,invisible_attack_recall,0,,,,,,
logistic_regression,none_natural,value_manipulation__r0p05__medium,value_manipulation,0.05,MEDIUM,visible_attack_f1,5,0.08944442325542049,0.0076298937486982835,0.08093914118010503,0.09946236559139784,0.07997065887753434,0.09891818763330663
decision_tree,pairwise_correlation_filter_natural,value_manipulation__r0p05__medium,value_manipulation,0.05,MEDIUM,visible_feature_attack_count,5,300.0,0.0,300.0,300.0,300.0,300.0
decision_tree,pairwise_correlation_filter_natural,value_manipulation__r0p05__medium,value_manipulation,0.05,MEDIUM,invisible_feature_attack_count,5,0.0,0.0,0.0,0.0,0.0,0.0
decision_tree,pairwise_correlation_filter_natural,value_manipulation__r0p05__medium,value_manipulation,0.05,MEDIUM,selected_feature_visibility_rate,5,1.0,0.0,1.0,1.0,1.0,1.0
decision_tree,pairwise_correlation_filter_natural,value_manipulation__r0p05__medium,value_manipulation,0.05,MEDIUM,visible_attack_recall,5,0.242,0.16922371780181011,0.05,0.44666666666666666,0.031881001963131955,0.45211899803686806
decision_tree,pairwise_correlation_filter_natural,value_manipulation__r0p05__medium,value_manipulation,0.05,MEDIUM,invisible_attack_recall,0,,,,,,
decision_tree,pairwise_correlation_filter_natural,value_manipulation__r0p05__medium,value_manipulation,0.05,MEDIUM,visible_attack_f1,5,0.1256740424064138,0.045413722105719645,0.0911854103343465,0.20512820512820512,0.06928545864326648,0.18206262616956115
logistic_regression,pairwise_correlation_filter_natural,value_manipulation__r0p05__medium,value_manipulation,0.05,MEDIUM,visible_feature_attack_count,5,300.0,0.0,300.0,300.0,300.0,300.0
logistic_regression,pairwise_correlation_filter_natural,value_manipulation__r0p05__medium,value_manipulation,0.05,MEDIUM,invisible_feature_attack_count,5,0.0,0.0,0.0,0.0,0.0,0.0
logistic_regression,pairwise_correlation_filter_natural,value_manipulation__r0p05__medium,value_manipulation,0.05,MEDIUM,selected_feature_visibility_rate,5,1.0,0.0,1.0,1.0,1.0,1.0
logistic_regression,pairwise_correlation_filter_natural,value_manipulation__r0p05__medium,value_manipulation,0.05,MEDIUM,visible_attack_recall,5,0.42866666666666664,0.054853339815264586,0.37,0.5166666666666667,0.3605572494367614,0.4967760838965719
logistic_regression,pairwise_correlation_filter_natural,value_manipulation__r0p05__medium,value_manipulation,0.05,MEDIUM,invisible_attack_recall,0,,,,,,
logistic_regression,pairwise_correlation_filter_natural,value_manipulation__r0p05__medium,value_manipulation,0.05,MEDIUM,visible_attack_f1,5,0.08944442325542049,0.0076298937486982835,0.08093914118010503,0.09946236559139784,0.07997065887753434,0.09891818763330663
decision_tree,mutual_information_select_k_best_k11,value_manipulation__r0p05__medium,value_manipulation,0.05,MEDIUM,visible_feature_attack_count,5,300.0,0.0,300.0,300.0,300.0,300.0
decision_tree,mutual_information_select_k_best_k11,value_manipulation__r0p05__medium,value_manipulation,0.05,MEDIUM,invisible_feature_attack_count,5,0.0,0.0,0.0,0.0,0.0,0.0
decision_tree,mutual_information_select_k_best_k11,value_manipulation__r0p05__medium,value_manipulation,0.05,MEDIUM,selected_feature_visibility_rate,5,1.0,0.0,1.0,1.0,1.0,1.0
decision_tree,mutual_information_select_k_best_k11,value_manipulation__r0p05__medium,value_manipulation,0.05,MEDIUM,visible_attack_recall,5,0.23333333333333334,0.15461421524412158,0.07,0.41333333333333333,0.041354428654027386,0.4253122380126393
decision_tree,mutual_information_select_k_best_k11,value_manipulation__r0p05__medium,value_manipulation,0.05,MEDIUM,invisible_attack_recall,0,,,,,,
decision_tree,mutual_information_select_k_best_k11,value_manipulation__r0p05__medium,value_manipulation,0.05,MEDIUM,visible_attack_f1,5,0.13229651406661685,0.04316706362732716,0.09955841027699719,0.2066869300911854,0.07869752525235094,0.18589550288088277
logistic_regression,mutual_information_select_k_best_k11,value_manipulation__r0p05__medium,value_manipulation,0.05,MEDIUM,visible_feature_attack_count,5,300.0,0.0,300.0,300.0,300.0,300.0
logistic_regression,mutual_information_select_k_best_k11,value_manipulation__r0p05__medium,value_manipulation,0.05,MEDIUM,invisible_feature_attack_count,5,0.0,0.0,0.0,0.0,0.0,0.0
logistic_regression,mutual_information_select_k_best_k11,value_manipulation__r0p05__medium,value_manipulation,0.05,MEDIUM,selected_feature_visibility_rate,5,1.0,0.0,1.0,1.0,1.0,1.0
logistic_regression,mutual_information_select_k_best_k11,value_manipulation__r0p05__medium,value_manipulation,0.05,MEDIUM,visible_attack_recall,5,0.48133333333333334,0.05630275304103698,0.41333333333333333,0.5466666666666666,0.41142423188246463,0.551242434784202
logistic_regression,mutual_information_select_k_best_k11,value_manipulation__r0p05__medium,value_manipulation,0.05,MEDIUM,invisible_attack_recall,0,,,,,,
logistic_regression,mutual_information_select_k_best_k11,value_manipulation__r0p05__medium,value_manipulation,0.05,MEDIUM,visible_attack_f1,5,0.08749327012230694,0.004919998454330763,0.08033169214822493,0.09213483146067415,0.08138428517034141,0.09360225507427247
decision_tree,none_natural,shipping_delivery_manipulation__r0p05__medium,shipping_delivery_manipulation,0.05,MEDIUM,visible_feature_attack_count,5,0.0,0.0,0.0,0.0,0.0,0.0
decision_tree,none_natural,shipping_delivery_manipulation__r0p05__medium,shipping_delivery_manipulation,0.05,MEDIUM,invisible_feature_attack_count,5,300.0,0.0,300.0,300.0,300.0,300.0
decision_tree,none_natural,shipping_delivery_manipulation__r0p05__medium,shipping_delivery_manipulation,0.05,MEDIUM,selected_feature_visibility_rate,5,0.0,0.0,0.0,0.0,0.0,0.0
decision_tree,none_natural,shipping_delivery_manipulation__r0p05__medium,shipping_delivery_manipulation,0.05,MEDIUM,visible_attack_recall,0,,,,,,
decision_tree,none_natural,shipping_delivery_manipulation__r0p05__medium,shipping_delivery_manipulation,0.05,MEDIUM,invisible_attack_recall,5,0.14933333333333335,0.17850303452135857,0.0033333333333333335,0.38333333333333336,-0.07230745820213744,0.3709741248688041
decision_tree,none_natural,shipping_delivery_manipulation__r0p05__medium,shipping_delivery_manipulation,0.05,MEDIUM,visible_attack_f1,0,,,,,,
logistic_regression,none_natural,shipping_delivery_manipulation__r0p05__medium,shipping_delivery_manipulation,0.05,MEDIUM,visible_feature_attack_count,5,0.0,0.0,0.0,0.0,0.0,0.0
logistic_regression,none_natural,shipping_delivery_manipulation__r0p05__medium,shipping_delivery_manipulation,0.05,MEDIUM,invisible_feature_attack_count,5,300.0,0.0,300.0,300.0,300.0,300.0
logistic_regression,none_natural,shipping_delivery_manipulation__r0p05__medium,shipping_delivery_manipulation,0.05,MEDIUM,selected_feature_visibility_rate,5,0.0,0.0,0.0,0.0,0.0,0.0
logistic_regression,none_natural,shipping_delivery_manipulation__r0p05__medium,shipping_delivery_manipulation,0.05,MEDIUM,visible_attack_recall,0,,,,,,
logistic_regression,none_natural,shipping_delivery_manipulation__r0p05__medium,shipping_delivery_manipulation,0.05,MEDIUM,invisible_attack_recall,5,0.43133333333333335,0.061037329197430934,0.36333333333333334,0.5233333333333333,0.35554547912231166,0.507121187544355
logistic_regression,none_natural,shipping_delivery_manipulation__r0p05__medium,shipping_delivery_manipulation,0.05,MEDIUM,visible_attack_f1,0,,,,,,
decision_tree,pairwise_correlation_filter_natural,shipping_delivery_manipulation__r0p05__medium,shipping_delivery_manipulation,0.05,MEDIUM,visible_feature_attack_count,5,0.0,0.0,0.0,0.0,0.0,0.0
decision_tree,pairwise_correlation_filter_natural,shipping_delivery_manipulation__r0p05__medium,shipping_delivery_manipulation,0.05,MEDIUM,invisible_feature_attack_count,5,300.0,0.0,300.0,300.0,300.0,300.0
decision_tree,pairwise_correlation_filter_natural,shipping_delivery_manipulation__r0p05__medium,shipping_delivery_manipulation,0.05,MEDIUM,selected_feature_visibility_rate,5,0.0,0.0,0.0,0.0,0.0,0.0
decision_tree,pairwise_correlation_filter_natural,shipping_delivery_manipulation__r0p05__medium,shipping_delivery_manipulation,0.05,MEDIUM,visible_attack_recall,0,,,,,,
decision_tree,pairwise_correlation_filter_natural,shipping_delivery_manipulation__r0p05__medium,shipping_delivery_manipulation,0.05,MEDIUM,invisible_attack_recall,5,0.14933333333333335,0.17850303452135857,0.0033333333333333335,0.38333333333333336,-0.07230745820213744,0.3709741248688041
decision_tree,pairwise_correlation_filter_natural,shipping_delivery_manipulation__r0p05__medium,shipping_delivery_manipulation,0.05,MEDIUM,visible_attack_f1,0,,,,,,
logistic_regression,pairwise_correlation_filter_natural,shipping_delivery_manipulation__r0p05__medium,shipping_delivery_manipulation,0.05,MEDIUM,visible_feature_attack_count,5,0.0,0.0,0.0,0.0,0.0,0.0
logistic_regression,pairwise_correlation_filter_natural,shipping_delivery_manipulation__r0p05__medium,shipping_delivery_manipulation,0.05,MEDIUM,invisible_feature_attack_count,5,300.0,0.0,300.0,300.0,300.0,300.0
logistic_regression,pairwise_correlation_filter_natural,shipping_delivery_manipulation__r0p05__medium,shipping_delivery_manipulation,0.05,MEDIUM,selected_feature_visibility_rate,5,0.0,0.0,0.0,0.0,0.0,0.0
logistic_regression,pairwise_correlation_filter_natural,shipping_delivery_manipulation__r0p05__medium,shipping_delivery_manipulation,0.05,MEDIUM,visible_attack_recall,0,,,,,,
logistic_regression,pairwise_correlation_filter_natural,shipping_delivery_manipulation__r0p05__medium,shipping_delivery_manipulation,0.05,MEDIUM,invisible_attack_recall,5,0.43133333333333335,0.061037329197430934,0.36333333333333334,0.5233333333333333,0.35554547912231166,0.507121187544355
logistic_regression,pairwise_correlation_filter_natural,shipping_delivery_manipulation__r0p05__medium,shipping_delivery_manipulation,0.05,MEDIUM,visible_attack_f1,0,,,,,,
decision_tree,mutual_information_select_k_best_k11,shipping_delivery_manipulation__r0p05__medium,shipping_delivery_manipulation,0.05,MEDIUM,visible_feature_attack_count,5,0.0,0.0,0.0,0.0,0.0,0.0
decision_tree,mutual_information_select_k_best_k11,shipping_delivery_manipulation__r0p05__medium,shipping_delivery_manipulation,0.05,MEDIUM,invisible_feature_attack_count,5,300.0,0.0,300.0,300.0,300.0,300.0
decision_tree,mutual_information_select_k_best_k11,shipping_delivery_manipulation__r0p05__medium,shipping_delivery_manipulation,0.05,MEDIUM,selected_feature_visibility_rate,5,0.0,0.0,0.0,0.0,0.0,0.0
decision_tree,mutual_information_select_k_best_k11,shipping_delivery_manipulation__r0p05__medium,shipping_delivery_manipulation,0.05,MEDIUM,visible_attack_recall,0,,,,,,
decision_tree,mutual_information_select_k_best_k11,shipping_delivery_manipulation__r0p05__medium,shipping_delivery_manipulation,0.05,MEDIUM,invisible_attack_recall,5,0.142,0.1771628252954515,0.0,0.37333333333333335,-0.0779767019896001,0.3619767019896001
decision_tree,mutual_information_select_k_best_k11,shipping_delivery_manipulation__r0p05__medium,shipping_delivery_manipulation,0.05,MEDIUM,visible_attack_f1,0,,,,,,
logistic_regression,mutual_information_select_k_best_k11,shipping_delivery_manipulation__r0p05__medium,shipping_delivery_manipulation,0.05,MEDIUM,visible_feature_attack_count,5,0.0,0.0,0.0,0.0,0.0,0.0
logistic_regression,mutual_information_select_k_best_k11,shipping_delivery_manipulation__r0p05__medium,shipping_delivery_manipulation,0.05,MEDIUM,invisible_feature_attack_count,5,300.0,0.0,300.0,300.0,300.0,300.0
logistic_regression,mutual_information_select_k_best_k11,shipping_delivery_manipulation__r0p05__medium,shipping_delivery_manipulation,0.05,MEDIUM,selected_feature_visibility_rate,5,0.0,0.0,0.0,0.0,0.0,0.0
logistic_regression,mutual_information_select_k_best_k11,shipping_delivery_manipulation__r0p05__medium,shipping_delivery_manipulation,0.05,MEDIUM,visible_attack_recall,0,,,,,,
logistic_regression,mutual_information_select_k_best_k11,shipping_delivery_manipulation__r0p05__medium,shipping_delivery_manipulation,0.05,MEDIUM,invisible_attack_recall,5,0.4893333333333333,0.06508114592995083,0.41,0.57,0.4085244174702037,0.570142249196463
logistic_regression,mutual_information_select_k_best_k11,shipping_delivery_manipulation__r0p05__medium,shipping_delivery_manipulation,0.05,MEDIUM,visible_attack_f1,0,,,,,,
decision_tree,none_natural,transaction_status_manipulation__r0p05__medium,transaction_status_manipulation,0.05,MEDIUM,visible_feature_attack_count,5,0.0,0.0,0.0,0.0,0.0,0.0
decision_tree,none_natural,transaction_status_manipulation__r0p05__medium,transaction_status_manipulation,0.05,MEDIUM,invisible_feature_attack_count,5,300.0,0.0,300.0,300.0,300.0,300.0
decision_tree,none_natural,transaction_status_manipulation__r0p05__medium,transaction_status_manipulation,0.05,MEDIUM,selected_feature_visibility_rate,5,0.0,0.0,0.0,0.0,0.0,0.0
decision_tree,none_natural,transaction_status_manipulation__r0p05__medium,transaction_status_manipulation,0.05,MEDIUM,visible_attack_recall,0,,,,,,
decision_tree,none_natural,transaction_status_manipulation__r0p05__medium,transaction_status_manipulation,0.05,MEDIUM,invisible_attack_recall,5,0.14933333333333335,0.17850303452135857,0.0033333333333333335,0.38333333333333336,-0.07230745820213744,0.3709741248688041
decision_tree,none_natural,transaction_status_manipulation__r0p05__medium,transaction_status_manipulation,0.05,MEDIUM,visible_attack_f1,0,,,,,,
logistic_regression,none_natural,transaction_status_manipulation__r0p05__medium,transaction_status_manipulation,0.05,MEDIUM,visible_feature_attack_count,5,0.0,0.0,0.0,0.0,0.0,0.0
logistic_regression,none_natural,transaction_status_manipulation__r0p05__medium,transaction_status_manipulation,0.05,MEDIUM,invisible_feature_attack_count,5,300.0,0.0,300.0,300.0,300.0,300.0
logistic_regression,none_natural,transaction_status_manipulation__r0p05__medium,transaction_status_manipulation,0.05,MEDIUM,selected_feature_visibility_rate,5,0.0,0.0,0.0,0.0,0.0,0.0
logistic_regression,none_natural,transaction_status_manipulation__r0p05__medium,transaction_status_manipulation,0.05,MEDIUM,visible_attack_recall,0,,,,,,
logistic_regression,none_natural,transaction_status_manipulation__r0p05__medium,transaction_status_manipulation,0.05,MEDIUM,invisible_attack_recall,5,0.43133333333333335,0.061037329197430934,0.36333333333333334,0.5233333333333333,0.35554547912231166,0.507121187544355
logistic_regression,none_natural,transaction_status_manipulation__r0p05__medium,transaction_status_manipulation,0.05,MEDIUM,visible_attack_f1,0,,,,,,
decision_tree,pairwise_correlation_filter_natural,transaction_status_manipulation__r0p05__medium,transaction_status_manipulation,0.05,MEDIUM,visible_feature_attack_count,5,0.0,0.0,0.0,0.0,0.0,0.0
decision_tree,pairwise_correlation_filter_natural,transaction_status_manipulation__r0p05__medium,transaction_status_manipulation,0.05,MEDIUM,invisible_feature_attack_count,5,300.0,0.0,300.0,300.0,300.0,300.0
decision_tree,pairwise_correlation_filter_natural,transaction_status_manipulation__r0p05__medium,transaction_status_manipulation,0.05,MEDIUM,selected_feature_visibility_rate,5,0.0,0.0,0.0,0.0,0.0,0.0
decision_tree,pairwise_correlation_filter_natural,transaction_status_manipulation__r0p05__medium,transaction_status_manipulation,0.05,MEDIUM,visible_attack_recall,0,,,,,,
decision_tree,pairwise_correlation_filter_natural,transaction_status_manipulation__r0p05__medium,transaction_status_manipulation,0.05,MEDIUM,invisible_attack_recall,5,0.14933333333333335,0.17850303452135857,0.0033333333333333335,0.38333333333333336,-0.07230745820213744,0.3709741248688041
decision_tree,pairwise_correlation_filter_natural,transaction_status_manipulation__r0p05__medium,transaction_status_manipulation,0.05,MEDIUM,visible_attack_f1,0,,,,,,
logistic_regression,pairwise_correlation_filter_natural,transaction_status_manipulation__r0p05__medium,transaction_status_manipulation,0.05,MEDIUM,visible_feature_attack_count,5,0.0,0.0,0.0,0.0,0.0,0.0
logistic_regression,pairwise_correlation_filter_natural,transaction_status_manipulation__r0p05__medium,transaction_status_manipulation,0.05,MEDIUM,invisible_feature_attack_count,5,300.0,0.0,300.0,300.0,300.0,300.0
logistic_regression,pairwise_correlation_filter_natural,transaction_status_manipulation__r0p05__medium,transaction_status_manipulation,0.05,MEDIUM,selected_feature_visibility_rate,5,0.0,0.0,0.0,0.0,0.0,0.0
logistic_regression,pairwise_correlation_filter_natural,transaction_status_manipulation__r0p05__medium,transaction_status_manipulation,0.05,MEDIUM,visible_attack_recall,0,,,,,,
logistic_regression,pairwise_correlation_filter_natural,transaction_status_manipulation__r0p05__medium,transaction_status_manipulation,0.05,MEDIUM,invisible_attack_recall,5,0.43133333333333335,0.061037329197430934,0.36333333333333334,0.5233333333333333,0.35554547912231166,0.507121187544355
logistic_regression,pairwise_correlation_filter_natural,transaction_status_manipulation__r0p05__medium,transaction_status_manipulation,0.05,MEDIUM,visible_attack_f1,0,,,,,,
decision_tree,mutual_information_select_k_best_k11,transaction_status_manipulation__r0p05__medium,transaction_status_manipulation,0.05,MEDIUM,visible_feature_attack_count,5,0.0,0.0,0.0,0.0,0.0,0.0
decision_tree,mutual_information_select_k_best_k11,transaction_status_manipulation__r0p05__medium,transaction_status_manipulation,0.05,MEDIUM,invisible_feature_attack_count,5,300.0,0.0,300.0,300.0,300.0,300.0
decision_tree,mutual_information_select_k_best_k11,transaction_status_manipulation__r0p05__medium,transaction_status_manipulation,0.05,MEDIUM,selected_feature_visibility_rate,5,0.0,0.0,0.0,0.0,0.0,0.0
decision_tree,mutual_information_select_k_best_k11,transaction_status_manipulation__r0p05__medium,transaction_status_manipulation,0.05,MEDIUM,visible_attack_recall,0,,,,,,
decision_tree,mutual_information_select_k_best_k11,transaction_status_manipulation__r0p05__medium,transaction_status_manipulation,0.05,MEDIUM,invisible_attack_recall,5,0.142,0.1771628252954515,0.0,0.37333333333333335,-0.0779767019896001,0.3619767019896001
decision_tree,mutual_information_select_k_best_k11,transaction_status_manipulation__r0p05__medium,transaction_status_manipulation,0.05,MEDIUM,visible_attack_f1,0,,,,,,
logistic_regression,mutual_information_select_k_best_k11,transaction_status_manipulation__r0p05__medium,transaction_status_manipulation,0.05,MEDIUM,visible_feature_attack_count,5,0.0,0.0,0.0,0.0,0.0,0.0
logistic_regression,mutual_information_select_k_best_k11,transaction_status_manipulation__r0p05__medium,transaction_status_manipulation,0.05,MEDIUM,invisible_feature_attack_count,5,300.0,0.0,300.0,300.0,300.0,300.0
logistic_regression,mutual_information_select_k_best_k11,transaction_status_manipulation__r0p05__medium,transaction_status_manipulation,0.05,MEDIUM,selected_feature_visibility_rate,5,0.0,0.0,0.0,0.0,0.0,0.0
logistic_regression,mutual_information_select_k_best_k11,transaction_status_manipulation__r0p05__medium,transaction_status_manipulation,0.05,MEDIUM,visible_attack_recall,0,,,,,,
logistic_regression,mutual_information_select_k_best_k11,transaction_status_manipulation__r0p05__medium,transaction_status_manipulation,0.05,MEDIUM,invisible_attack_recall,5,0.4893333333333333,0.06508114592995083,0.41,0.57,0.4085244174702037,0.570142249196463
logistic_regression,mutual_information_select_k_best_k11,transaction_status_manipulation__r0p05__medium,transaction_status_manipulation,0.05,MEDIUM,visible_attack_f1,0,,,,,,
decision_tree,none_natural,timestamp_manipulation__r0p05__medium,timestamp_manipulation,0.05,MEDIUM,visible_feature_attack_count,5,300.0,0.0,300.0,300.0,300.0,300.0
decision_tree,none_natural,timestamp_manipulation__r0p05__medium,timestamp_manipulation,0.05,MEDIUM,invisible_feature_attack_count,5,0.0,0.0,0.0,0.0,0.0,0.0
decision_tree,none_natural,timestamp_manipulation__r0p05__medium,timestamp_manipulation,0.05,MEDIUM,selected_feature_visibility_rate,5,1.0,0.0,1.0,1.0,1.0,1.0
decision_tree,none_natural,timestamp_manipulation__r0p05__medium,timestamp_manipulation,0.05,MEDIUM,visible_attack_recall,5,0.14933333333333335,0.17850303452135857,0.0033333333333333335,0.38333333333333336,-0.07230745820213744,0.3709741248688041
decision_tree,none_natural,timestamp_manipulation__r0p05__medium,timestamp_manipulation,0.05,MEDIUM,invisible_attack_recall,0,,,,,,
decision_tree,none_natural,timestamp_manipulation__r0p05__medium,timestamp_manipulation,0.05,MEDIUM,visible_attack_f1,5,0.04995313683609929,0.038646959113317385,0.006349206349206349,0.09225832330525471,0.0019665990650020865,0.09793967460719649
logistic_regression,none_natural,timestamp_manipulation__r0p05__medium,timestamp_manipulation,0.05,MEDIUM,visible_feature_attack_count,5,300.0,0.0,300.0,300.0,300.0,300.0
logistic_regression,none_natural,timestamp_manipulation__r0p05__medium,timestamp_manipulation,0.05,MEDIUM,invisible_feature_attack_count,5,0.0,0.0,0.0,0.0,0.0,0.0
logistic_regression,none_natural,timestamp_manipulation__r0p05__medium,timestamp_manipulation,0.05,MEDIUM,selected_feature_visibility_rate,5,1.0,0.0,1.0,1.0,1.0,1.0
logistic_regression,none_natural,timestamp_manipulation__r0p05__medium,timestamp_manipulation,0.05,MEDIUM,visible_attack_recall,5,0.44733333333333325,0.06941821726959636,0.36333333333333334,0.5566666666666666,0.3611392321301201,0.5335274345365464
logistic_regression,none_natural,timestamp_manipulation__r0p05__medium,timestamp_manipulation,0.05,MEDIUM,invisible_attack_recall,0,,,,,,
logistic_regression,none_natural,timestamp_manipulation__r0p05__medium,timestamp_manipulation,0.05,MEDIUM,visible_attack_f1,5,0.09285820721871321,0.007374136658571771,0.08212411238036431,0.1003003003003003,0.08370200721192277,0.10201440722550366
decision_tree,pairwise_correlation_filter_natural,timestamp_manipulation__r0p05__medium,timestamp_manipulation,0.05,MEDIUM,visible_feature_attack_count,5,300.0,0.0,300.0,300.0,300.0,300.0
decision_tree,pairwise_correlation_filter_natural,timestamp_manipulation__r0p05__medium,timestamp_manipulation,0.05,MEDIUM,invisible_feature_attack_count,5,0.0,0.0,0.0,0.0,0.0,0.0
decision_tree,pairwise_correlation_filter_natural,timestamp_manipulation__r0p05__medium,timestamp_manipulation,0.05,MEDIUM,selected_feature_visibility_rate,5,1.0,0.0,1.0,1.0,1.0,1.0
decision_tree,pairwise_correlation_filter_natural,timestamp_manipulation__r0p05__medium,timestamp_manipulation,0.05,MEDIUM,visible_attack_recall,5,0.14933333333333335,0.17850303452135857,0.0033333333333333335,0.38333333333333336,-0.07230745820213744,0.3709741248688041
decision_tree,pairwise_correlation_filter_natural,timestamp_manipulation__r0p05__medium,timestamp_manipulation,0.05,MEDIUM,invisible_attack_recall,0,,,,,,
decision_tree,pairwise_correlation_filter_natural,timestamp_manipulation__r0p05__medium,timestamp_manipulation,0.05,MEDIUM,visible_attack_f1,5,0.04995313683609929,0.038646959113317385,0.006349206349206349,0.09225832330525471,0.0019665990650020865,0.09793967460719649
logistic_regression,pairwise_correlation_filter_natural,timestamp_manipulation__r0p05__medium,timestamp_manipulation,0.05,MEDIUM,visible_feature_attack_count,5,300.0,0.0,300.0,300.0,300.0,300.0
logistic_regression,pairwise_correlation_filter_natural,timestamp_manipulation__r0p05__medium,timestamp_manipulation,0.05,MEDIUM,invisible_feature_attack_count,5,0.0,0.0,0.0,0.0,0.0,0.0
logistic_regression,pairwise_correlation_filter_natural,timestamp_manipulation__r0p05__medium,timestamp_manipulation,0.05,MEDIUM,selected_feature_visibility_rate,5,1.0,0.0,1.0,1.0,1.0,1.0
logistic_regression,pairwise_correlation_filter_natural,timestamp_manipulation__r0p05__medium,timestamp_manipulation,0.05,MEDIUM,visible_attack_recall,5,0.44733333333333325,0.06941821726959636,0.36333333333333334,0.5566666666666666,0.3611392321301201,0.5335274345365464
logistic_regression,pairwise_correlation_filter_natural,timestamp_manipulation__r0p05__medium,timestamp_manipulation,0.05,MEDIUM,invisible_attack_recall,0,,,,,,
logistic_regression,pairwise_correlation_filter_natural,timestamp_manipulation__r0p05__medium,timestamp_manipulation,0.05,MEDIUM,visible_attack_f1,5,0.09285820721871321,0.007374136658571771,0.08212411238036431,0.1003003003003003,0.08370200721192277,0.10201440722550366
decision_tree,mutual_information_select_k_best_k11,timestamp_manipulation__r0p05__medium,timestamp_manipulation,0.05,MEDIUM,visible_feature_attack_count,5,300.0,0.0,300.0,300.0,300.0,300.0
decision_tree,mutual_information_select_k_best_k11,timestamp_manipulation__r0p05__medium,timestamp_manipulation,0.05,MEDIUM,invisible_feature_attack_count,5,0.0,0.0,0.0,0.0,0.0,0.0
decision_tree,mutual_information_select_k_best_k11,timestamp_manipulation__r0p05__medium,timestamp_manipulation,0.05,MEDIUM,selected_feature_visibility_rate,5,1.0,0.0,1.0,1.0,1.0,1.0
decision_tree,mutual_information_select_k_best_k11,timestamp_manipulation__r0p05__medium,timestamp_manipulation,0.05,MEDIUM,visible_attack_recall,5,0.142,0.1771628252954515,0.0,0.37333333333333335,-0.0779767019896001,0.3619767019896001
decision_tree,mutual_information_select_k_best_k11,timestamp_manipulation__r0p05__medium,timestamp_manipulation,0.05,MEDIUM,invisible_attack_recall,0,,,,,,
decision_tree,mutual_information_select_k_best_k11,timestamp_manipulation__r0p05__medium,timestamp_manipulation,0.05,MEDIUM,visible_attack_f1,5,0.04572577079155481,0.04035924019815068,0.0,0.09035901573215006,-0.004386844757386876,0.09583838634049649
logistic_regression,mutual_information_select_k_best_k11,timestamp_manipulation__r0p05__medium,timestamp_manipulation,0.05,MEDIUM,visible_feature_attack_count,5,300.0,0.0,300.0,300.0,300.0,300.0
logistic_regression,mutual_information_select_k_best_k11,timestamp_manipulation__r0p05__medium,timestamp_manipulation,0.05,MEDIUM,invisible_feature_attack_count,5,0.0,0.0,0.0,0.0,0.0,0.0
logistic_regression,mutual_information_select_k_best_k11,timestamp_manipulation__r0p05__medium,timestamp_manipulation,0.05,MEDIUM,selected_feature_visibility_rate,5,1.0,0.0,1.0,1.0,1.0,1.0
logistic_regression,mutual_information_select_k_best_k11,timestamp_manipulation__r0p05__medium,timestamp_manipulation,0.05,MEDIUM,visible_attack_recall,5,0.4993333333333333,0.06563366344931369,0.43666666666666665,0.59,0.41783837635803345,0.5808282903086331
logistic_regression,mutual_information_select_k_best_k11,timestamp_manipulation__r0p05__medium,timestamp_manipulation,0.05,MEDIUM,invisible_attack_recall,0,,,,,,
logistic_regression,mutual_information_select_k_best_k11,timestamp_manipulation__r0p05__medium,timestamp_manipulation,0.05,MEDIUM,visible_attack_f1,5,0.09054108269751053,0.005758198821689196,0.08430307732092061,0.09907640638119228,0.08339133452611404,0.09769083086890702
decision_tree,none_natural,geographic_route_manipulation__r0p05__medium,geographic_route_manipulation,0.05,MEDIUM,visible_feature_attack_count,5,0.0,0.0,0.0,0.0,0.0,0.0
decision_tree,none_natural,geographic_route_manipulation__r0p05__medium,geographic_route_manipulation,0.05,MEDIUM,invisible_feature_attack_count,5,300.0,0.0,300.0,300.0,300.0,300.0
decision_tree,none_natural,geographic_route_manipulation__r0p05__medium,geographic_route_manipulation,0.05,MEDIUM,selected_feature_visibility_rate,5,0.0,0.0,0.0,0.0,0.0,0.0
decision_tree,none_natural,geographic_route_manipulation__r0p05__medium,geographic_route_manipulation,0.05,MEDIUM,visible_attack_recall,0,,,,,,
decision_tree,none_natural,geographic_route_manipulation__r0p05__medium,geographic_route_manipulation,0.05,MEDIUM,invisible_attack_recall,5,0.14933333333333335,0.17850303452135857,0.0033333333333333335,0.38333333333333336,-0.07230745820213744,0.3709741248688041
decision_tree,none_natural,geographic_route_manipulation__r0p05__medium,geographic_route_manipulation,0.05,MEDIUM,visible_attack_f1,0,,,,,,
logistic_regression,none_natural,geographic_route_manipulation__r0p05__medium,geographic_route_manipulation,0.05,MEDIUM,visible_feature_attack_count,5,0.0,0.0,0.0,0.0,0.0,0.0
logistic_regression,none_natural,geographic_route_manipulation__r0p05__medium,geographic_route_manipulation,0.05,MEDIUM,invisible_feature_attack_count,5,300.0,0.0,300.0,300.0,300.0,300.0
logistic_regression,none_natural,geographic_route_manipulation__r0p05__medium,geographic_route_manipulation,0.05,MEDIUM,selected_feature_visibility_rate,5,0.0,0.0,0.0,0.0,0.0,0.0
logistic_regression,none_natural,geographic_route_manipulation__r0p05__medium,geographic_route_manipulation,0.05,MEDIUM,visible_attack_recall,0,,,,,,
logistic_regression,none_natural,geographic_route_manipulation__r0p05__medium,geographic_route_manipulation,0.05,MEDIUM,invisible_attack_recall,5,0.43133333333333335,0.061037329197430934,0.36333333333333334,0.5233333333333333,0.35554547912231166,0.507121187544355
logistic_regression,none_natural,geographic_route_manipulation__r0p05__medium,geographic_route_manipulation,0.05,MEDIUM,visible_attack_f1,0,,,,,,
decision_tree,pairwise_correlation_filter_natural,geographic_route_manipulation__r0p05__medium,geographic_route_manipulation,0.05,MEDIUM,visible_feature_attack_count,5,0.0,0.0,0.0,0.0,0.0,0.0
decision_tree,pairwise_correlation_filter_natural,geographic_route_manipulation__r0p05__medium,geographic_route_manipulation,0.05,MEDIUM,invisible_feature_attack_count,5,300.0,0.0,300.0,300.0,300.0,300.0
decision_tree,pairwise_correlation_filter_natural,geographic_route_manipulation__r0p05__medium,geographic_route_manipulation,0.05,MEDIUM,selected_feature_visibility_rate,5,0.0,0.0,0.0,0.0,0.0,0.0
decision_tree,pairwise_correlation_filter_natural,geographic_route_manipulation__r0p05__medium,geographic_route_manipulation,0.05,MEDIUM,visible_attack_recall,0,,,,,,
decision_tree,pairwise_correlation_filter_natural,geographic_route_manipulation__r0p05__medium,geographic_route_manipulation,0.05,MEDIUM,invisible_attack_recall,5,0.14933333333333335,0.17850303452135857,0.0033333333333333335,0.38333333333333336,-0.07230745820213744,0.3709741248688041
decision_tree,pairwise_correlation_filter_natural,geographic_route_manipulation__r0p05__medium,geographic_route_manipulation,0.05,MEDIUM,visible_attack_f1,0,,,,,,
logistic_regression,pairwise_correlation_filter_natural,geographic_route_manipulation__r0p05__medium,geographic_route_manipulation,0.05,MEDIUM,visible_feature_attack_count,5,0.0,0.0,0.0,0.0,0.0,0.0
logistic_regression,pairwise_correlation_filter_natural,geographic_route_manipulation__r0p05__medium,geographic_route_manipulation,0.05,MEDIUM,invisible_feature_attack_count,5,300.0,0.0,300.0,300.0,300.0,300.0
logistic_regression,pairwise_correlation_filter_natural,geographic_route_manipulation__r0p05__medium,geographic_route_manipulation,0.05,MEDIUM,selected_feature_visibility_rate,5,0.0,0.0,0.0,0.0,0.0,0.0
logistic_regression,pairwise_correlation_filter_natural,geographic_route_manipulation__r0p05__medium,geographic_route_manipulation,0.05,MEDIUM,visible_attack_recall,0,,,,,,
logistic_regression,pairwise_correlation_filter_natural,geographic_route_manipulation__r0p05__medium,geographic_route_manipulation,0.05,MEDIUM,invisible_attack_recall,5,0.43133333333333335,0.061037329197430934,0.36333333333333334,0.5233333333333333,0.35554547912231166,0.507121187544355
logistic_regression,pairwise_correlation_filter_natural,geographic_route_manipulation__r0p05__medium,geographic_route_manipulation,0.05,MEDIUM,visible_attack_f1,0,,,,,,
decision_tree,mutual_information_select_k_best_k11,geographic_route_manipulation__r0p05__medium,geographic_route_manipulation,0.05,MEDIUM,visible_feature_attack_count,5,0.0,0.0,0.0,0.0,0.0,0.0
decision_tree,mutual_information_select_k_best_k11,geographic_route_manipulation__r0p05__medium,geographic_route_manipulation,0.05,MEDIUM,invisible_feature_attack_count,5,300.0,0.0,300.0,300.0,300.0,300.0
decision_tree,mutual_information_select_k_best_k11,geographic_route_manipulation__r0p05__medium,geographic_route_manipulation,0.05,MEDIUM,selected_feature_visibility_rate,5,0.0,0.0,0.0,0.0,0.0,0.0
decision_tree,mutual_information_select_k_best_k11,geographic_route_manipulation__r0p05__medium,geographic_route_manipulation,0.05,MEDIUM,visible_attack_recall,0,,,,,,
decision_tree,mutual_information_select_k_best_k11,geographic_route_manipulation__r0p05__medium,geographic_route_manipulation,0.05,MEDIUM,invisible_attack_recall,5,0.142,0.1771628252954515,0.0,0.37333333333333335,-0.0779767019896001,0.3619767019896001
decision_tree,mutual_information_select_k_best_k11,geographic_route_manipulation__r0p05__medium,geographic_route_manipulation,0.05,MEDIUM,visible_attack_f1,0,,,,,,
logistic_regression,mutual_information_select_k_best_k11,geographic_route_manipulation__r0p05__medium,geographic_route_manipulation,0.05,MEDIUM,visible_feature_attack_count,5,0.0,0.0,0.0,0.0,0.0,0.0
logistic_regression,mutual_information_select_k_best_k11,geographic_route_manipulation__r0p05__medium,geographic_route_manipulation,0.05,MEDIUM,invisible_feature_attack_count,5,300.0,0.0,300.0,300.0,300.0,300.0
logistic_regression,mutual_information_select_k_best_k11,geographic_route_manipulation__r0p05__medium,geographic_route_manipulation,0.05,MEDIUM,selected_feature_visibility_rate,5,0.0,0.0,0.0,0.0,0.0,0.0
logistic_regression,mutual_information_select_k_best_k11,geographic_route_manipulation__r0p05__medium,geographic_route_manipulation,0.05,MEDIUM,visible_attack_recall,0,,,,,,
logistic_regression,mutual_information_select_k_best_k11,geographic_route_manipulation__r0p05__medium,geographic_route_manipulation,0.05,MEDIUM,invisible_attack_recall,5,0.4893333333333333,0.06508114592995083,0.41,0.57,0.4085244174702037,0.570142249196463
logistic_regression,mutual_information_select_k_best_k11,geographic_route_manipulation__r0p05__medium,geographic_route_manipulation,0.05,MEDIUM,visible_attack_f1,0,,,,,,
decision_tree,none_natural,transaction_record_tampering__r0p05__medium,transaction_record_tampering,0.05,MEDIUM,visible_feature_attack_count,5,300.0,0.0,300.0,300.0,300.0,300.0
decision_tree,none_natural,transaction_record_tampering__r0p05__medium,transaction_record_tampering,0.05,MEDIUM,invisible_feature_attack_count,5,0.0,0.0,0.0,0.0,0.0,0.0
decision_tree,none_natural,transaction_record_tampering__r0p05__medium,transaction_record_tampering,0.05,MEDIUM,selected_feature_visibility_rate,5,1.0,0.0,1.0,1.0,1.0,1.0
decision_tree,none_natural,transaction_record_tampering__r0p05__medium,transaction_record_tampering,0.05,MEDIUM,visible_attack_recall,5,0.5633333333333334,0.13129694927487423,0.44333333333333336,0.7566666666666667,0.40030663834460667,0.72636002832206
decision_tree,none_natural,transaction_record_tampering__r0p05__medium,transaction_record_tampering,0.05,MEDIUM,invisible_attack_recall,0,,,,,,
decision_tree,none_natural,transaction_record_tampering__r0p05__medium,transaction_record_tampering,0.05,MEDIUM,visible_attack_f1,5,0.35500787445036647,0.18016864163482602,0.17428023032629558,0.5950782997762863,0.13129895852694945,0.5787167903737835
logistic_regression,none_natural,transaction_record_tampering__r0p05__medium,transaction_record_tampering,0.05,MEDIUM,visible_feature_attack_count,5,300.0,0.0,300.0,300.0,300.0,300.0
logistic_regression,none_natural,transaction_record_tampering__r0p05__medium,transaction_record_tampering,0.05,MEDIUM,invisible_feature_attack_count,5,0.0,0.0,0.0,0.0,0.0,0.0
logistic_regression,none_natural,transaction_record_tampering__r0p05__medium,transaction_record_tampering,0.05,MEDIUM,selected_feature_visibility_rate,5,1.0,0.0,1.0,1.0,1.0,1.0
logistic_regression,none_natural,transaction_record_tampering__r0p05__medium,transaction_record_tampering,0.05,MEDIUM,visible_attack_recall,5,0.44333333333333336,0.044409708648247455,0.4066666666666667,0.5166666666666667,0.3881913969340423,0.4984752697326244
logistic_regression,none_natural,transaction_record_tampering__r0p05__medium,transaction_record_tampering,0.05,MEDIUM,invisible_attack_recall,0,,,,,,
logistic_regression,none_natural,transaction_record_tampering__r0p05__medium,transaction_record_tampering,0.05,MEDIUM,visible_attack_f1,5,0.09275415946463868,0.010429642161158674,0.08271604938271605,0.10878288007133304,0.07980404827896956,0.1057042706503078
decision_tree,pairwise_correlation_filter_natural,transaction_record_tampering__r0p05__medium,transaction_record_tampering,0.05,MEDIUM,visible_feature_attack_count,5,300.0,0.0,300.0,300.0,300.0,300.0
decision_tree,pairwise_correlation_filter_natural,transaction_record_tampering__r0p05__medium,transaction_record_tampering,0.05,MEDIUM,invisible_feature_attack_count,5,0.0,0.0,0.0,0.0,0.0,0.0
decision_tree,pairwise_correlation_filter_natural,transaction_record_tampering__r0p05__medium,transaction_record_tampering,0.05,MEDIUM,selected_feature_visibility_rate,5,1.0,0.0,1.0,1.0,1.0,1.0
decision_tree,pairwise_correlation_filter_natural,transaction_record_tampering__r0p05__medium,transaction_record_tampering,0.05,MEDIUM,visible_attack_recall,5,0.5633333333333334,0.13129694927487423,0.44333333333333336,0.7566666666666667,0.40030663834460667,0.72636002832206
decision_tree,pairwise_correlation_filter_natural,transaction_record_tampering__r0p05__medium,transaction_record_tampering,0.05,MEDIUM,invisible_attack_recall,0,,,,,,
decision_tree,pairwise_correlation_filter_natural,transaction_record_tampering__r0p05__medium,transaction_record_tampering,0.05,MEDIUM,visible_attack_f1,5,0.35500787445036647,0.18016864163482602,0.17428023032629558,0.5950782997762863,0.13129895852694945,0.5787167903737835
logistic_regression,pairwise_correlation_filter_natural,transaction_record_tampering__r0p05__medium,transaction_record_tampering,0.05,MEDIUM,visible_feature_attack_count,5,300.0,0.0,300.0,300.0,300.0,300.0
logistic_regression,pairwise_correlation_filter_natural,transaction_record_tampering__r0p05__medium,transaction_record_tampering,0.05,MEDIUM,invisible_feature_attack_count,5,0.0,0.0,0.0,0.0,0.0,0.0
logistic_regression,pairwise_correlation_filter_natural,transaction_record_tampering__r0p05__medium,transaction_record_tampering,0.05,MEDIUM,selected_feature_visibility_rate,5,1.0,0.0,1.0,1.0,1.0,1.0
logistic_regression,pairwise_correlation_filter_natural,transaction_record_tampering__r0p05__medium,transaction_record_tampering,0.05,MEDIUM,visible_attack_recall,5,0.44333333333333336,0.044409708648247455,0.4066666666666667,0.5166666666666667,0.3881913969340423,0.4984752697326244
logistic_regression,pairwise_correlation_filter_natural,transaction_record_tampering__r0p05__medium,transaction_record_tampering,0.05,MEDIUM,invisible_attack_recall,0,,,,,,
logistic_regression,pairwise_correlation_filter_natural,transaction_record_tampering__r0p05__medium,transaction_record_tampering,0.05,MEDIUM,visible_attack_f1,5,0.09275415946463868,0.010429642161158674,0.08271604938271605,0.10878288007133304,0.07980404827896956,0.1057042706503078
decision_tree,mutual_information_select_k_best_k11,transaction_record_tampering__r0p05__medium,transaction_record_tampering,0.05,MEDIUM,visible_feature_attack_count,5,300.0,0.0,300.0,300.0,300.0,300.0
decision_tree,mutual_information_select_k_best_k11,transaction_record_tampering__r0p05__medium,transaction_record_tampering,0.05,MEDIUM,invisible_feature_attack_count,5,0.0,0.0,0.0,0.0,0.0,0.0
decision_tree,mutual_information_select_k_best_k11,transaction_record_tampering__r0p05__medium,transaction_record_tampering,0.05,MEDIUM,selected_feature_visibility_rate,5,1.0,0.0,1.0,1.0,1.0,1.0
decision_tree,mutual_information_select_k_best_k11,transaction_record_tampering__r0p05__medium,transaction_record_tampering,0.05,MEDIUM,visible_attack_recall,5,0.5533333333333333,0.12057731498457283,0.4533333333333333,0.7233333333333334,0.403616822316795,0.7030498443498716
decision_tree,mutual_information_select_k_best_k11,transaction_record_tampering__r0p05__medium,transaction_record_tampering,0.05,MEDIUM,invisible_attack_recall,0,,,,,,
decision_tree,mutual_information_select_k_best_k11,transaction_record_tampering__r0p05__medium,transaction_record_tampering,0.05,MEDIUM,visible_attack_f1,5,0.36899053090215905,0.19384301270436857,0.16795665634674922,0.6085011185682326,0.12830264072359843,0.6096784210807197
logistic_regression,mutual_information_select_k_best_k11,transaction_record_tampering__r0p05__medium,transaction_record_tampering,0.05,MEDIUM,visible_feature_attack_count,5,300.0,0.0,300.0,300.0,300.0,300.0
logistic_regression,mutual_information_select_k_best_k11,transaction_record_tampering__r0p05__medium,transaction_record_tampering,0.05,MEDIUM,invisible_feature_attack_count,5,0.0,0.0,0.0,0.0,0.0,0.0
logistic_regression,mutual_information_select_k_best_k11,transaction_record_tampering__r0p05__medium,transaction_record_tampering,0.05,MEDIUM,selected_feature_visibility_rate,5,1.0,0.0,1.0,1.0,1.0,1.0
logistic_regression,mutual_information_select_k_best_k11,transaction_record_tampering__r0p05__medium,transaction_record_tampering,0.05,MEDIUM,visible_attack_recall,5,0.496,0.07376388758133016,0.41333333333333333,0.5933333333333334,0.40441003642263984,0.5875899635773602
logistic_regression,mutual_information_select_k_best_k11,transaction_record_tampering__r0p05__medium,transaction_record_tampering,0.05,MEDIUM,invisible_attack_recall,0,,,,,,
logistic_regression,mutual_information_select_k_best_k11,transaction_record_tampering__r0p05__medium,transaction_record_tampering,0.05,MEDIUM,visible_attack_f1,5,0.0898160135727204,0.006360216057151615,0.08380755302638386,0.09960828203693341,0.08191876227375147,0.09771326487168933
decision_tree,none_natural,mixed__r0p01__medium,mixed,0.01,MEDIUM,visible_feature_attack_count,5,34.0,0.0,34.0,34.0,34.0,34.0
decision_tree,none_natural,mixed__r0p01__medium,mixed,0.01,MEDIUM,invisible_feature_attack_count,5,26.0,0.0,26.0,26.0,26.0,26.0
decision_tree,none_natural,mixed__r0p01__medium,mixed,0.01,MEDIUM,selected_feature_visibility_rate,5,0.5666666666666667,0.0,0.5666666666666667,0.5666666666666667,0.5666666666666667,0.5666666666666667
decision_tree,none_natural,mixed__r0p01__medium,mixed,0.01,MEDIUM,visible_attack_recall,5,0.4352941176470589,0.22914766095038183,0.17647058823529413,0.7647058823529411,0.15076971677214107,0.7198185185219768
decision_tree,none_natural,mixed__r0p01__medium,mixed,0.01,MEDIUM,invisible_attack_recall,5,0.15384615384615385,0.13598207330510528,0.0,0.3076923076923077,-0.014997890978034695,0.32269019867034243
decision_tree,none_natural,mixed__r0p01__medium,mixed,0.01,MEDIUM,visible_attack_f1,5,0.08247363121416273,0.08025819906614752,0.0170863309352518,0.21818181818181817,-0.017180085127022807,0.18212734755534826
logistic_regression,none_natural,mixed__r0p01__medium,mixed,0.01,MEDIUM,visible_feature_attack_count,5,34.0,0.0,34.0,34.0,34.0,34.0
logistic_regression,none_natural,mixed__r0p01__medium,mixed,0.01,MEDIUM,invisible_feature_attack_count,5,26.0,0.0,26.0,26.0,26.0,26.0
logistic_regression,none_natural,mixed__r0p01__medium,mixed,0.01,MEDIUM,selected_feature_visibility_rate,5,0.5666666666666667,0.0,0.5666666666666667,0.5666666666666667,0.5666666666666667,0.5666666666666667
logistic_regression,none_natural,mixed__r0p01__medium,mixed,0.01,MEDIUM,visible_attack_recall,5,0.4470588235294118,0.14318425228985984,0.29411764705882354,0.5882352941176471,0.2692720923512266,0.624845554707597
logistic_regression,none_natural,mixed__r0p01__medium,mixed,0.01,MEDIUM,invisible_attack_recall,5,0.4230769230769231,0.10533126105868577,0.3076923076923077,0.5769230769230769,0.2922908883348469,0.5538629578189993
logistic_regression,none_natural,mixed__r0p01__medium,mixed,0.01,MEDIUM,visible_attack_f1,5,0.011468405164256418,0.002546107933053235,0.008035355564483728,0.014377601210745366,0.008306994608240704,0.014629815720272133
decision_tree,pairwise_correlation_filter_natural,mixed__r0p01__medium,mixed,0.01,MEDIUM,visible_feature_attack_count,5,34.0,0.0,34.0,34.0,34.0,34.0
decision_tree,pairwise_correlation_filter_natural,mixed__r0p01__medium,mixed,0.01,MEDIUM,invisible_feature_attack_count,5,26.0,0.0,26.0,26.0,26.0,26.0
decision_tree,pairwise_correlation_filter_natural,mixed__r0p01__medium,mixed,0.01,MEDIUM,selected_feature_visibility_rate,5,0.5666666666666667,0.0,0.5666666666666667,0.5666666666666667,0.5666666666666667,0.5666666666666667
decision_tree,pairwise_correlation_filter_natural,mixed__r0p01__medium,mixed,0.01,MEDIUM,visible_attack_recall,5,0.4352941176470589,0.22914766095038183,0.17647058823529413,0.7647058823529411,0.15076971677214107,0.7198185185219768
decision_tree,pairwise_correlation_filter_natural,mixed__r0p01__medium,mixed,0.01,MEDIUM,invisible_attack_recall,5,0.15384615384615385,0.13598207330510528,0.0,0.3076923076923077,-0.014997890978034695,0.32269019867034243
decision_tree,pairwise_correlation_filter_natural,mixed__r0p01__medium,mixed,0.01,MEDIUM,visible_attack_f1,5,0.08247363121416273,0.08025819906614752,0.0170863309352518,0.21818181818181817,-0.017180085127022807,0.18212734755534826
logistic_regression,pairwise_correlation_filter_natural,mixed__r0p01__medium,mixed,0.01,MEDIUM,visible_feature_attack_count,5,34.0,0.0,34.0,34.0,34.0,34.0
logistic_regression,pairwise_correlation_filter_natural,mixed__r0p01__medium,mixed,0.01,MEDIUM,invisible_feature_attack_count,5,26.0,0.0,26.0,26.0,26.0,26.0
logistic_regression,pairwise_correlation_filter_natural,mixed__r0p01__medium,mixed,0.01,MEDIUM,selected_feature_visibility_rate,5,0.5666666666666667,0.0,0.5666666666666667,0.5666666666666667,0.5666666666666667,0.5666666666666667
logistic_regression,pairwise_correlation_filter_natural,mixed__r0p01__medium,mixed,0.01,MEDIUM,visible_attack_recall,5,0.4470588235294118,0.14318425228985984,0.29411764705882354,0.5882352941176471,0.2692720923512266,0.624845554707597
logistic_regression,pairwise_correlation_filter_natural,mixed__r0p01__medium,mixed,0.01,MEDIUM,invisible_attack_recall,5,0.4230769230769231,0.10533126105868577,0.3076923076923077,0.5769230769230769,0.2922908883348469,0.5538629578189993
logistic_regression,pairwise_correlation_filter_natural,mixed__r0p01__medium,mixed,0.01,MEDIUM,visible_attack_f1,5,0.011468405164256418,0.002546107933053235,0.008035355564483728,0.014377601210745366,0.008306994608240704,0.014629815720272133
decision_tree,mutual_information_select_k_best_k11,mixed__r0p01__medium,mixed,0.01,MEDIUM,visible_feature_attack_count,5,34.0,0.0,34.0,34.0,34.0,34.0
decision_tree,mutual_information_select_k_best_k11,mixed__r0p01__medium,mixed,0.01,MEDIUM,invisible_feature_attack_count,5,26.0,0.0,26.0,26.0,26.0,26.0
decision_tree,mutual_information_select_k_best_k11,mixed__r0p01__medium,mixed,0.01,MEDIUM,selected_feature_visibility_rate,5,0.5666666666666667,0.0,0.5666666666666667,0.5666666666666667,0.5666666666666667,0.5666666666666667
decision_tree,mutual_information_select_k_best_k11,mixed__r0p01__medium,mixed,0.01,MEDIUM,visible_attack_recall,5,0.4235294117647059,0.2376718100098461,0.17647058823529413,0.7647058823529411,0.12842088188732043,0.7186379416420914
decision_tree,mutual_information_select_k_best_k11,mixed__r0p01__medium,mixed,0.01,MEDIUM,invisible_attack_recall,5,0.13076923076923078,0.1454436184706849,0.0,0.3076923076923077,-0.049822874054446215,0.3113613355929078
decision_tree,mutual_information_select_k_best_k11,mixed__r0p01__medium,mixed,0.01,MEDIUM,visible_attack_f1,5,0.1052398342310052,0.1331868822778603,0.017186793306196293,0.33962264150943394,-0.060133522526548314,0.27061319098855874
logistic_regression,mutual_information_select_k_best_k11,mixed__r0p01__medium,mixed,0.01,MEDIUM,visible_feature_attack_count,5,34.0,0.0,34.0,34.0,34.0,34.0
logistic_regression,mutual_information_select_k_best_k11,mixed__r0p01__medium,mixed,0.01,MEDIUM,invisible_feature_attack_count,5,26.0,0.0,26.0,26.0,26.0,26.0
logistic_regression,mutual_information_select_k_best_k11,mixed__r0p01__medium,mixed,0.01,MEDIUM,selected_feature_visibility_rate,5,0.5666666666666667,0.0,0.5666666666666667,0.5666666666666667,0.5666666666666667,0.5666666666666667
logistic_regression,mutual_information_select_k_best_k11,mixed__r0p01__medium,mixed,0.01,MEDIUM,visible_attack_recall,5,0.5411764705882354,0.1388908112131482,0.38235294117647056,0.7058823529411765,0.3687207506234165,0.7136321905530543
logistic_regression,mutual_information_select_k_best_k11,mixed__r0p01__medium,mixed,0.01,MEDIUM,invisible_attack_recall,5,0.5153846153846153,0.12929027933824314,0.3076923076923077,0.6538461538461539,0.3548495302124833,0.6759197005567474
logistic_regression,mutual_information_select_k_best_k11,mixed__r0p01__medium,mixed,0.01,MEDIUM,visible_attack_f1,5,0.011987404656640237,0.001586605762914185,0.010023130300693909,0.013389121338912133,0.010017373401485511,0.013957435911794963
decision_tree,none_natural,mixed__r0p03__medium,mixed,0.03,MEDIUM,visible_feature_attack_count,5,103.0,0.0,103.0,103.0,103.0,103.0
decision_tree,none_natural,mixed__r0p03__medium,mixed,0.03,MEDIUM,invisible_feature_attack_count,5,77.0,0.0,77.0,77.0,77.0,77.0
decision_tree,none_natural,mixed__r0p03__medium,mixed,0.03,MEDIUM,selected_feature_visibility_rate,5,0.5722222222222222,0.0,0.5722222222222222,0.5722222222222222,0.5722222222222222,0.5722222222222222
decision_tree,none_natural,mixed__r0p03__medium,mixed,0.03,MEDIUM,visible_attack_recall,5,0.4233009708737864,0.13927894244993627,0.2912621359223301,0.5922330097087378,0.2503633223256691,0.5962386194219036
decision_tree,none_natural,mixed__r0p03__medium,mixed,0.03,MEDIUM,invisible_attack_recall,5,0.15064935064935064,0.1376255770570281,0.0,0.33766233766233766,-0.020235373614514912,0.3215340749132162
decision_tree,none_natural,mixed__r0p03__medium,mixed,0.03,MEDIUM,visible_attack_f1,5,0.17500240255865193,0.1431799354351734,0.04967320261437908,0.40540540540540543,-0.0027789685364835726,0.35278377365378744
logistic_regression,none_natural,mixed__r0p03__medium,mixed,0.03,MEDIUM,visible_feature_attack_count,5,103.0,0.0,103.0,103.0,103.0,103.0
logistic_regression,none_natural,mixed__r0p03__medium,mixed,0.03,MEDIUM,invisible_feature_attack_count,5,77.0,0.0,77.0,77.0,77.0,77.0
logistic_regression,none_natural,mixed__r0p03__medium,mixed,0.03,MEDIUM,selected_feature_visibility_rate,5,0.5722222222222222,0.0,0.5722222222222222,0.5722222222222222,0.5722222222222222,0.5722222222222222
logistic_regression,none_natural,mixed__r0p03__medium,mixed,0.03,MEDIUM,visible_attack_recall,5,0.4349514563106796,0.12036485834073749,0.2815533980582524,0.5436893203883495,0.285498745059971,0.5844041675613882
logistic_regression,none_natural,mixed__r0p03__medium,mixed,0.03,MEDIUM,invisible_attack_recall,5,0.42857142857142855,0.05880120219569748,0.36363636363636365,0.5064935064935064,0.35556009275387285,0.5015827643889843
logistic_regression,none_natural,mixed__r0p03__medium,mixed,0.03,MEDIUM,visible_attack_f1,5,0.03316572121241893,0.005015373647368023,0.026792750197005517,0.0379041248606466,0.026938312316937208,0.03939313010790066
decision_tree,pairwise_correlation_filter_natural,mixed__r0p03__medium,mixed,0.03,MEDIUM,visible_feature_attack_count,5,103.0,0.0,103.0,103.0,103.0,103.0
decision_tree,pairwise_correlation_filter_natural,mixed__r0p03__medium,mixed,0.03,MEDIUM,invisible_feature_attack_count,5,77.0,0.0,77.0,77.0,77.0,77.0
decision_tree,pairwise_correlation_filter_natural,mixed__r0p03__medium,mixed,0.03,MEDIUM,selected_feature_visibility_rate,5,0.5722222222222222,0.0,0.5722222222222222,0.5722222222222222,0.5722222222222222,0.5722222222222222
decision_tree,pairwise_correlation_filter_natural,mixed__r0p03__medium,mixed,0.03,MEDIUM,visible_attack_recall,5,0.4233009708737864,0.13927894244993627,0.2912621359223301,0.5922330097087378,0.2503633223256691,0.5962386194219036
decision_tree,pairwise_correlation_filter_natural,mixed__r0p03__medium,mixed,0.03,MEDIUM,invisible_attack_recall,5,0.15064935064935064,0.1376255770570281,0.0,0.33766233766233766,-0.020235373614514912,0.3215340749132162
decision_tree,pairwise_correlation_filter_natural,mixed__r0p03__medium,mixed,0.03,MEDIUM,visible_attack_f1,5,0.17500240255865193,0.1431799354351734,0.04967320261437908,0.40540540540540543,-0.0027789685364835726,0.35278377365378744
logistic_regression,pairwise_correlation_filter_natural,mixed__r0p03__medium,mixed,0.03,MEDIUM,visible_feature_attack_count,5,103.0,0.0,103.0,103.0,103.0,103.0
logistic_regression,pairwise_correlation_filter_natural,mixed__r0p03__medium,mixed,0.03,MEDIUM,invisible_feature_attack_count,5,77.0,0.0,77.0,77.0,77.0,77.0
logistic_regression,pairwise_correlation_filter_natural,mixed__r0p03__medium,mixed,0.03,MEDIUM,selected_feature_visibility_rate,5,0.5722222222222222,0.0,0.5722222222222222,0.5722222222222222,0.5722222222222222,0.5722222222222222
logistic_regression,pairwise_correlation_filter_natural,mixed__r0p03__medium,mixed,0.03,MEDIUM,visible_attack_recall,5,0.4349514563106796,0.12036485834073749,0.2815533980582524,0.5436893203883495,0.285498745059971,0.5844041675613882
logistic_regression,pairwise_correlation_filter_natural,mixed__r0p03__medium,mixed,0.03,MEDIUM,invisible_attack_recall,5,0.42857142857142855,0.05880120219569748,0.36363636363636365,0.5064935064935064,0.35556009275387285,0.5015827643889843
logistic_regression,pairwise_correlation_filter_natural,mixed__r0p03__medium,mixed,0.03,MEDIUM,visible_attack_f1,5,0.03316572121241893,0.005015373647368023,0.026792750197005517,0.0379041248606466,0.026938312316937208,0.03939313010790066
decision_tree,mutual_information_select_k_best_k11,mixed__r0p03__medium,mixed,0.03,MEDIUM,visible_feature_attack_count,5,103.0,0.0,103.0,103.0,103.0,103.0
decision_tree,mutual_information_select_k_best_k11,mixed__r0p03__medium,mixed,0.03,MEDIUM,invisible_feature_attack_count,5,77.0,0.0,77.0,77.0,77.0,77.0
decision_tree,mutual_information_select_k_best_k11,mixed__r0p03__medium,mixed,0.03,MEDIUM,selected_feature_visibility_rate,5,0.5722222222222222,0.0,0.5722222222222222,0.5722222222222222,0.5722222222222222,0.5722222222222222
decision_tree,mutual_information_select_k_best_k11,mixed__r0p03__medium,mixed,0.03,MEDIUM,visible_attack_recall,5,0.41941747572815535,0.14075995883059753,0.3106796116504854,0.5922330097087378,0.2446409024594195,0.5941940489968912
decision_tree,mutual_information_select_k_best_k11,mixed__r0p03__medium,mixed,0.03,MEDIUM,invisible_attack_recall,5,0.14025974025974025,0.14589451085697264,0.012987012987012988,0.33766233766233766,-0.04089222140705484,0.32141170192653534
decision_tree,mutual_information_select_k_best_k11,mixed__r0p03__medium,mixed,0.03,MEDIUM,visible_attack_f1,5,0.19293354796838752,0.16385255881253305,0.050021939447125935,0.4520547945205479,-0.010516275322861368,0.3963833712596364
logistic_regression,mutual_information_select_k_best_k11,mixed__r0p03__medium,mixed,0.03,MEDIUM,visible_feature_attack_count,5,103.0,0.0,103.0,103.0,103.0,103.0
logistic_regression,mutual_information_select_k_best_k11,mixed__r0p03__medium,mixed,0.03,MEDIUM,invisible_feature_attack_count,5,77.0,0.0,77.0,77.0,77.0,77.0
logistic_regression,mutual_information_select_k_best_k11,mixed__r0p03__medium,mixed,0.03,MEDIUM,selected_feature_visibility_rate,5,0.5722222222222222,0.0,0.5722222222222222,0.5722222222222222,0.5722222222222222,0.5722222222222222
logistic_regression,mutual_information_select_k_best_k11,mixed__r0p03__medium,mixed,0.03,MEDIUM,visible_attack_recall,5,0.5184466019417476,0.07476358566282894,0.4077669902912621,0.5922330097087378,0.42561534924751604,0.6112778546359792
logistic_regression,mutual_information_select_k_best_k11,mixed__r0p03__medium,mixed,0.03,MEDIUM,invisible_attack_recall,5,0.5298701298701298,0.10118208405601274,0.4155844155844156,0.6623376623376623,0.40423597883445184,0.6555042809058078
logistic_regression,mutual_information_select_k_best_k11,mixed__r0p03__medium,mixed,0.03,MEDIUM,visible_attack_f1,5,0.03480561032128011,0.003047617854393065,0.03179409538228615,0.03914327917282127,0.03102149295119423,0.03858972769136598
decision_tree,none_natural,mixed__r0p05__medium,mixed,0.05,MEDIUM,visible_feature_attack_count,5,171.0,0.0,171.0,171.0,171.0,171.0
decision_tree,none_natural,mixed__r0p05__medium,mixed,0.05,MEDIUM,invisible_feature_attack_count,5,129.0,0.0,129.0,129.0,129.0,129.0
decision_tree,none_natural,mixed__r0p05__medium,mixed,0.05,MEDIUM,selected_feature_visibility_rate,5,0.57,0.0,0.57,0.57,0.57,0.57
decision_tree,none_natural,mixed__r0p05__medium,mixed,0.05,MEDIUM,visible_attack_recall,5,0.4128654970760234,0.12580577131719164,0.30409356725146197,0.5614035087719298,0.2566570000650866,0.5690739940869601
decision_tree,none_natural,mixed__r0p05__medium,mixed,0.05,MEDIUM,invisible_attack_recall,5,0.16279069767441862,0.16562682650559302,0.0,0.3875968992248062,-0.04286216993448061,0.36844356528331784
decision_tree,none_natural,mixed__r0p05__medium,mixed,0.05,MEDIUM,visible_attack_f1,5,0.21695978530616383,0.14433596653451913,0.08149405772495756,0.4369747899159664,0.03774301201416566,0.39617655859816203
logistic_regression,none_natural,mixed__r0p05__medium,mixed,0.05,MEDIUM,visible_feature_attack_count,5,171.0,0.0,171.0,171.0,171.0,171.0
logistic_regression,none_natural,mixed__r0p05__medium,mixed,0.05,MEDIUM,invisible_feature_attack_count,5,129.0,0.0,129.0,129.0,129.0,129.0
logistic_regression,none_natural,mixed__r0p05__medium,mixed,0.05,MEDIUM,selected_feature_visibility_rate,5,0.57,0.0,0.57,0.57,0.57,0.57
logistic_regression,none_natural,mixed__r0p05__medium,mixed,0.05,MEDIUM,visible_attack_recall,5,0.43625730994152045,0.0918705819258736,0.30994152046783624,0.52046783625731,0.3221849158700431,0.5503297040129977
logistic_regression,none_natural,mixed__r0p05__medium,mixed,0.05,MEDIUM,invisible_attack_recall,5,0.4062015503875968,0.06793458077583456,0.3023255813953488,0.4883720930232558,0.32184962720511046,0.49055347357008317
logistic_regression,none_natural,mixed__r0p05__medium,mixed,0.05,MEDIUM,visible_attack_f1,5,0.054646466821436014,0.004844803327170564,0.048723897911832945,0.0606281957633309,0.04863084895170573,0.060662084691166296
decision_tree,pairwise_correlation_filter_natural,mixed__r0p05__medium,mixed,0.05,MEDIUM,visible_feature_attack_count,5,171.0,0.0,171.0,171.0,171.0,171.0
decision_tree,pairwise_correlation_filter_natural,mixed__r0p05__medium,mixed,0.05,MEDIUM,invisible_feature_attack_count,5,129.0,0.0,129.0,129.0,129.0,129.0
decision_tree,pairwise_correlation_filter_natural,mixed__r0p05__medium,mixed,0.05,MEDIUM,selected_feature_visibility_rate,5,0.57,0.0,0.57,0.57,0.57,0.57
decision_tree,pairwise_correlation_filter_natural,mixed__r0p05__medium,mixed,0.05,MEDIUM,visible_attack_recall,5,0.4128654970760234,0.12580577131719164,0.30409356725146197,0.5614035087719298,0.2566570000650866,0.5690739940869601
decision_tree,pairwise_correlation_filter_natural,mixed__r0p05__medium,mixed,0.05,MEDIUM,invisible_attack_recall,5,0.16279069767441862,0.16562682650559302,0.0,0.3875968992248062,-0.04286216993448061,0.36844356528331784
decision_tree,pairwise_correlation_filter_natural,mixed__r0p05__medium,mixed,0.05,MEDIUM,visible_attack_f1,5,0.21695978530616383,0.14433596653451913,0.08149405772495756,0.4369747899159664,0.03774301201416566,0.39617655859816203
logistic_regression,pairwise_correlation_filter_natural,mixed__r0p05__medium,mixed,0.05,MEDIUM,visible_feature_attack_count,5,171.0,0.0,171.0,171.0,171.0,171.0
logistic_regression,pairwise_correlation_filter_natural,mixed__r0p05__medium,mixed,0.05,MEDIUM,invisible_feature_attack_count,5,129.0,0.0,129.0,129.0,129.0,129.0
logistic_regression,pairwise_correlation_filter_natural,mixed__r0p05__medium,mixed,0.05,MEDIUM,selected_feature_visibility_rate,5,0.57,0.0,0.57,0.57,0.57,0.57
logistic_regression,pairwise_correlation_filter_natural,mixed__r0p05__medium,mixed,0.05,MEDIUM,visible_attack_recall,5,0.43625730994152045,0.0918705819258736,0.30994152046783624,0.52046783625731,0.3221849158700431,0.5503297040129977
logistic_regression,pairwise_correlation_filter_natural,mixed__r0p05__medium,mixed,0.05,MEDIUM,invisible_attack_recall,5,0.4062015503875968,0.06793458077583456,0.3023255813953488,0.4883720930232558,0.32184962720511046,0.49055347357008317
logistic_regression,pairwise_correlation_filter_natural,mixed__r0p05__medium,mixed,0.05,MEDIUM,visible_attack_f1,5,0.054646466821436014,0.004844803327170564,0.048723897911832945,0.0606281957633309,0.04863084895170573,0.060662084691166296
decision_tree,mutual_information_select_k_best_k11,mixed__r0p05__medium,mixed,0.05,MEDIUM,visible_feature_attack_count,5,171.0,0.0,171.0,171.0,171.0,171.0
decision_tree,mutual_information_select_k_best_k11,mixed__r0p05__medium,mixed,0.05,MEDIUM,invisible_feature_attack_count,5,129.0,0.0,129.0,129.0,129.0,129.0
decision_tree,mutual_information_select_k_best_k11,mixed__r0p05__medium,mixed,0.05,MEDIUM,selected_feature_visibility_rate,5,0.57,0.0,0.57,0.57,0.57,0.57
decision_tree,mutual_information_select_k_best_k11,mixed__r0p05__medium,mixed,0.05,MEDIUM,visible_attack_recall,5,0.4093567251461988,0.12885417857620293,0.2982456140350877,0.5614035087719298,0.24936313058988172,0.5693503197025159
decision_tree,mutual_information_select_k_best_k11,mixed__r0p05__medium,mixed,0.05,MEDIUM,invisible_attack_recall,5,0.15503875968992248,0.17997188784874263,0.007751937984496124,0.40310077519379844,-0.06842585414080432,0.3785033735206493
decision_tree,mutual_information_select_k_best_k11,mixed__r0p05__medium,mixed,0.05,MEDIUM,visible_attack_f1,5,0.22955718069911607,0.1508625954954502,0.08208636169303121,0.4396551724137931,0.04223652719668933,0.4168778342015428
logistic_regression,mutual_information_select_k_best_k11,mixed__r0p05__medium,mixed,0.05,MEDIUM,visible_feature_attack_count,5,171.0,0.0,171.0,171.0,171.0,171.0
logistic_regression,mutual_information_select_k_best_k11,mixed__r0p05__medium,mixed,0.05,MEDIUM,invisible_feature_attack_count,5,129.0,0.0,129.0,129.0,129.0,129.0
logistic_regression,mutual_information_select_k_best_k11,mixed__r0p05__medium,mixed,0.05,MEDIUM,selected_feature_visibility_rate,5,0.57,0.0,0.57,0.57,0.57,0.57
logistic_regression,mutual_information_select_k_best_k11,mixed__r0p05__medium,mixed,0.05,MEDIUM,visible_attack_recall,5,0.519298245614035,0.056152532791381556,0.43859649122807015,0.5906432748538012,0.4495756672389648,0.5890208239891053
logistic_regression,mutual_information_select_k_best_k11,mixed__r0p05__medium,mixed,0.05,MEDIUM,invisible_attack_recall,5,0.49767441860465117,0.09703865936921609,0.3953488372093023,0.5968992248062015,0.3771850088318414,0.618163828377461
logistic_regression,mutual_information_select_k_best_k11,mixed__r0p05__medium,mixed,0.05,MEDIUM,visible_attack_f1,5,0.05726877404227736,0.004891976364728411,0.054592164418754016,0.06598984771573604,0.051194583110125536,0.06334296497442918
decision_tree,none_natural,mixed__r0p10__medium,mixed,0.1,MEDIUM,visible_feature_attack_count,5,343.0,0.0,343.0,343.0,343.0,343.0
decision_tree,none_natural,mixed__r0p10__medium,mixed,0.1,MEDIUM,invisible_feature_attack_count,5,257.0,0.0,257.0,257.0,257.0,257.0
decision_tree,none_natural,mixed__r0p10__medium,mixed,0.1,MEDIUM,selected_feature_visibility_rate,5,0.5716666666666667,0.0,0.5716666666666667,0.5716666666666667,0.5716666666666667,0.5716666666666667
decision_tree,none_natural,mixed__r0p10__medium,mixed,0.1,MEDIUM,visible_attack_recall,5,0.44198250728862976,0.14082870005817158,0.3323615160349854,0.6209912536443148,0.2671205805124228,0.6168444340648367
decision_tree,none_natural,mixed__r0p10__medium,mixed,0.1,MEDIUM,invisible_attack_recall,5,0.16653696498054474,0.17319327967864678,0.0038910505836575876,0.40077821011673154,-0.048510895127437476,0.381584825088527
decision_tree,none_natural,mixed__r0p10__medium,mixed,0.1,MEDIUM,visible_attack_f1,5,0.30223023716801223,0.13050115673772592,0.16857934309457856,0.4851063829787234,0.1401916491227026,0.46426882521332186
logistic_regression,none_natural,mixed__r0p10__medium,mixed,0.1,MEDIUM,visible_feature_attack_count,5,343.0,0.0,343.0,343.0,343.0,343.0
logistic_regression,none_natural,mixed__r0p10__medium,mixed,0.1,MEDIUM,invisible_feature_attack_count,5,257.0,0.0,257.0,257.0,257.0,257.0
logistic_regression,none_natural,mixed__r0p10__medium,mixed,0.1,MEDIUM,selected_feature_visibility_rate,5,0.5716666666666667,0.0,0.5716666666666667,0.5716666666666667,0.5716666666666667,0.5716666666666667
logistic_regression,none_natural,mixed__r0p10__medium,mixed,0.1,MEDIUM,visible_attack_recall,5,0.4384839650145772,0.07750935990534044,0.34110787172011664,0.5102040816326531,0.34224338329622117,0.5347245467329332
logistic_regression,none_natural,mixed__r0p10__medium,mixed,0.1,MEDIUM,invisible_attack_recall,5,0.4280155642023346,0.07428748284839216,0.311284046692607,0.48638132295719844,0.3357754712322331,0.520255657172436
logistic_regression,none_natural,mixed__r0p10__medium,mixed,0.1,MEDIUM,visible_attack_f1,5,0.10615868376114276,0.007557541810127698,0.09400444115470022,0.11396412240590925,0.09677475618058004,0.11554261134170549
decision_tree,pairwise_correlation_filter_natural,mixed__r0p10__medium,mixed,0.1,MEDIUM,visible_feature_attack_count,5,343.0,0.0,343.0,343.0,343.0,343.0
decision_tree,pairwise_correlation_filter_natural,mixed__r0p10__medium,mixed,0.1,MEDIUM,invisible_feature_attack_count,5,257.0,0.0,257.0,257.0,257.0,257.0
decision_tree,pairwise_correlation_filter_natural,mixed__r0p10__medium,mixed,0.1,MEDIUM,selected_feature_visibility_rate,5,0.5716666666666667,0.0,0.5716666666666667,0.5716666666666667,0.5716666666666667,0.5716666666666667
decision_tree,pairwise_correlation_filter_natural,mixed__r0p10__medium,mixed,0.1,MEDIUM,visible_attack_recall,5,0.44198250728862976,0.14082870005817158,0.3323615160349854,0.6209912536443148,0.2671205805124228,0.6168444340648367
decision_tree,pairwise_correlation_filter_natural,mixed__r0p10__medium,mixed,0.1,MEDIUM,invisible_attack_recall,5,0.16653696498054474,0.17319327967864678,0.0038910505836575876,0.40077821011673154,-0.048510895127437476,0.381584825088527
decision_tree,pairwise_correlation_filter_natural,mixed__r0p10__medium,mixed,0.1,MEDIUM,visible_attack_f1,5,0.30223023716801223,0.13050115673772592,0.16857934309457856,0.4851063829787234,0.1401916491227026,0.46426882521332186
logistic_regression,pairwise_correlation_filter_natural,mixed__r0p10__medium,mixed,0.1,MEDIUM,visible_feature_attack_count,5,343.0,0.0,343.0,343.0,343.0,343.0
logistic_regression,pairwise_correlation_filter_natural,mixed__r0p10__medium,mixed,0.1,MEDIUM,invisible_feature_attack_count,5,257.0,0.0,257.0,257.0,257.0,257.0
logistic_regression,pairwise_correlation_filter_natural,mixed__r0p10__medium,mixed,0.1,MEDIUM,selected_feature_visibility_rate,5,0.5716666666666667,0.0,0.5716666666666667,0.5716666666666667,0.5716666666666667,0.5716666666666667
logistic_regression,pairwise_correlation_filter_natural,mixed__r0p10__medium,mixed,0.1,MEDIUM,visible_attack_recall,5,0.4384839650145772,0.07750935990534044,0.34110787172011664,0.5102040816326531,0.34224338329622117,0.5347245467329332
logistic_regression,pairwise_correlation_filter_natural,mixed__r0p10__medium,mixed,0.1,MEDIUM,invisible_attack_recall,5,0.4280155642023346,0.07428748284839216,0.311284046692607,0.48638132295719844,0.3357754712322331,0.520255657172436
logistic_regression,pairwise_correlation_filter_natural,mixed__r0p10__medium,mixed,0.1,MEDIUM,visible_attack_f1,5,0.10615868376114276,0.007557541810127698,0.09400444115470022,0.11396412240590925,0.09677475618058004,0.11554261134170549
decision_tree,mutual_information_select_k_best_k11,mixed__r0p10__medium,mixed,0.1,MEDIUM,visible_feature_attack_count,5,343.0,0.0,343.0,343.0,343.0,343.0
decision_tree,mutual_information_select_k_best_k11,mixed__r0p10__medium,mixed,0.1,MEDIUM,invisible_feature_attack_count,5,257.0,0.0,257.0,257.0,257.0,257.0
decision_tree,mutual_information_select_k_best_k11,mixed__r0p10__medium,mixed,0.1,MEDIUM,selected_feature_visibility_rate,5,0.5716666666666667,0.0,0.5716666666666667,0.5716666666666667,0.5716666666666667,0.5716666666666667
decision_tree,mutual_information_select_k_best_k11,mixed__r0p10__medium,mixed,0.1,MEDIUM,visible_attack_recall,5,0.43790087463556854,0.13968939842875497,0.30903790087463556,0.60932944606414,0.2644535776757042,0.6113481715954329
decision_tree,mutual_information_select_k_best_k11,mixed__r0p10__medium,mixed,0.1,MEDIUM,invisible_attack_recall,5,0.1595330739299611,0.18368478991318554,0.011673151750972763,0.41245136186770426,-0.06854171672304454,0.38760786458296675
decision_tree,mutual_information_select_k_best_k11,mixed__r0p10__medium,mixed,0.1,MEDIUM,visible_attack_f1,5,0.31126652221609474,0.13278771183621502,0.16673314718787396,0.4638949671772429,0.14638880102507967,0.4761442434071098
logistic_regression,mutual_information_select_k_best_k11,mixed__r0p10__medium,mixed,0.1,MEDIUM,visible_feature_attack_count,5,343.0,0.0,343.0,343.0,343.0,343.0
logistic_regression,mutual_information_select_k_best_k11,mixed__r0p10__medium,mixed,0.1,MEDIUM,invisible_feature_attack_count,5,257.0,0.0,257.0,257.0,257.0,257.0
logistic_regression,mutual_information_select_k_best_k11,mixed__r0p10__medium,mixed,0.1,MEDIUM,selected_feature_visibility_rate,5,0.5716666666666667,0.0,0.5716666666666667,0.5716666666666667,0.5716666666666667,0.5716666666666667
logistic_regression,mutual_information_select_k_best_k11,mixed__r0p10__medium,mixed,0.1,MEDIUM,visible_attack_recall,5,0.5067055393586006,0.05101624306197558,0.44314868804664725,0.565597667638484,0.44336050702488267,0.5700505716923187
logistic_regression,mutual_information_select_k_best_k11,mixed__r0p10__medium,mixed,0.1,MEDIUM,invisible_attack_recall,5,0.5050583657587548,0.05186932430967487,0.4474708171206226,0.5719844357976653,0.44065409315222503,0.5694626383652847
logistic_regression,mutual_information_select_k_best_k11,mixed__r0p10__medium,mixed,0.1,MEDIUM,visible_attack_f1,5,0.10822395117338297,0.003468494531690589,0.10319148936170212,0.11289198606271778,0.10391724638541272,0.11253065596135323
decision_tree,none_natural,mixed__r0p05__low,mixed,0.05,LOW,visible_feature_attack_count,5,171.0,0.0,171.0,171.0,171.0,171.0
decision_tree,none_natural,mixed__r0p05__low,mixed,0.05,LOW,invisible_feature_attack_count,5,129.0,0.0,129.0,129.0,129.0,129.0
decision_tree,none_natural,mixed__r0p05__low,mixed,0.05,LOW,selected_feature_visibility_rate,5,0.57,0.0,0.57,0.57,0.57,0.57
decision_tree,none_natural,mixed__r0p05__low,mixed,0.05,LOW,visible_attack_recall,5,0.18128654970760233,0.16699976972273256,0.029239766081871343,0.3742690058479532,-0.026071052065598482,0.3886441514808031
decision_tree,none_natural,mixed__r0p05__low,mixed,0.05,LOW,invisible_attack_recall,5,0.16279069767441862,0.16562682650559302,0.0,0.3875968992248062,-0.04286216993448061,0.36844356528331784
decision_tree,none_natural,mixed__r0p05__low,mixed,0.05,LOW,visible_attack_f1,5,0.05827172345473536,0.011327161994024346,0.046908315565031986,0.07352941176470588,0.04420719420492219,0.07233625270454852
logistic_regression,none_natural,mixed__r0p05__low,mixed,0.05,LOW,visible_feature_attack_count,5,171.0,0.0,171.0,171.0,171.0,171.0
logistic_regression,none_natural,mixed__r0p05__low,mixed,0.05,LOW,invisible_feature_attack_count,5,129.0,0.0,129.0,129.0,129.0,129.0
logistic_regression,none_natural,mixed__r0p05__low,mixed,0.05,LOW,selected_feature_visibility_rate,5,0.57,0.0,0.57,0.57,0.57,0.57
logistic_regression,none_natural,mixed__r0p05__low,mixed,0.05,LOW,visible_attack_recall,5,0.4292397660818713,0.0910291728936641,0.2982456140350877,0.5146198830409356,0.3162121193134528,0.5422674128502898
logistic_regression,none_natural,mixed__r0p05__low,mixed,0.05,LOW,invisible_attack_recall,5,0.4062015503875968,0.06793458077583456,0.3023255813953488,0.4883720930232558,0.32184962720511046,0.49055347357008317
logistic_regression,none_natural,mixed__r0p05__low,mixed,0.05,LOW,visible_attack_f1,5,0.0537247294593175,0.0041005814381656,0.04947816003092385,0.05779078273591807,0.04863318511584061,0.05881627380279439
decision_tree,pairwise_correlation_filter_natural,mixed__r0p05__low,mixed,0.05,LOW,visible_feature_attack_count,5,171.0,0.0,171.0,171.0,171.0,171.0
decision_tree,pairwise_correlation_filter_natural,mixed__r0p05__low,mixed,0.05,LOW,invisible_feature_attack_count,5,129.0,0.0,129.0,129.0,129.0,129.0
decision_tree,pairwise_correlation_filter_natural,mixed__r0p05__low,mixed,0.05,LOW,selected_feature_visibility_rate,5,0.57,0.0,0.57,0.57,0.57,0.57
decision_tree,pairwise_correlation_filter_natural,mixed__r0p05__low,mixed,0.05,LOW,visible_attack_recall,5,0.18128654970760233,0.16699976972273256,0.029239766081871343,0.3742690058479532,-0.026071052065598482,0.3886441514808031
decision_tree,pairwise_correlation_filter_natural,mixed__r0p05__low,mixed,0.05,LOW,invisible_attack_recall,5,0.16279069767441862,0.16562682650559302,0.0,0.3875968992248062,-0.04286216993448061,0.36844356528331784
decision_tree,pairwise_correlation_filter_natural,mixed__r0p05__low,mixed,0.05,LOW,visible_attack_f1,5,0.05827172345473536,0.011327161994024346,0.046908315565031986,0.07352941176470588,0.04420719420492219,0.07233625270454852
logistic_regression,pairwise_correlation_filter_natural,mixed__r0p05__low,mixed,0.05,LOW,visible_feature_attack_count,5,171.0,0.0,171.0,171.0,171.0,171.0
logistic_regression,pairwise_correlation_filter_natural,mixed__r0p05__low,mixed,0.05,LOW,invisible_feature_attack_count,5,129.0,0.0,129.0,129.0,129.0,129.0
logistic_regression,pairwise_correlation_filter_natural,mixed__r0p05__low,mixed,0.05,LOW,selected_feature_visibility_rate,5,0.57,0.0,0.57,0.57,0.57,0.57
logistic_regression,pairwise_correlation_filter_natural,mixed__r0p05__low,mixed,0.05,LOW,visible_attack_recall,5,0.4292397660818713,0.0910291728936641,0.2982456140350877,0.5146198830409356,0.3162121193134528,0.5422674128502898
logistic_regression,pairwise_correlation_filter_natural,mixed__r0p05__low,mixed,0.05,LOW,invisible_attack_recall,5,0.4062015503875968,0.06793458077583456,0.3023255813953488,0.4883720930232558,0.32184962720511046,0.49055347357008317
logistic_regression,pairwise_correlation_filter_natural,mixed__r0p05__low,mixed,0.05,LOW,visible_attack_f1,5,0.0537247294593175,0.0041005814381656,0.04947816003092385,0.05779078273591807,0.04863318511584061,0.05881627380279439
decision_tree,mutual_information_select_k_best_k11,mixed__r0p05__low,mixed,0.05,LOW,visible_feature_attack_count,5,171.0,0.0,171.0,171.0,171.0,171.0
decision_tree,mutual_information_select_k_best_k11,mixed__r0p05__low,mixed,0.05,LOW,invisible_feature_attack_count,5,129.0,0.0,129.0,129.0,129.0,129.0
decision_tree,mutual_information_select_k_best_k11,mixed__r0p05__low,mixed,0.05,LOW,selected_feature_visibility_rate,5,0.57,0.0,0.57,0.57,0.57,0.57
decision_tree,mutual_information_select_k_best_k11,mixed__r0p05__low,mixed,0.05,LOW,visible_attack_recall,5,0.17426900584795318,0.17501899138231272,0.03508771929824561,0.3742690058479532,-0.043045774753572075,0.39158378644947844
decision_tree,mutual_information_select_k_best_k11,mixed__r0p05__low,mixed,0.05,LOW,invisible_attack_recall,5,0.15503875968992248,0.17997188784874263,0.007751937984496124,0.40310077519379844,-0.06842585414080432,0.3785033735206493
decision_tree,mutual_information_select_k_best_k11,mixed__r0p05__low,mixed,0.05,LOW,visible_attack_f1,5,0.05630775065609052,0.014530986689552959,0.03908794788273615,0.07446808510638298,0.038265147625280174,0.07435035368690086
logistic_regression,mutual_information_select_k_best_k11,mixed__r0p05__low,mixed,0.05,LOW,visible_feature_attack_count,5,171.0,0.0,171.0,171.0,171.0,171.0
logistic_regression,mutual_information_select_k_best_k11,mixed__r0p05__low,mixed,0.05,LOW,invisible_feature_attack_count,5,129.0,0.0,129.0,129.0,129.0,129.0
logistic_regression,mutual_information_select_k_best_k11,mixed__r0p05__low,mixed,0.05,LOW,selected_feature_visibility_rate,5,0.57,0.0,0.57,0.57,0.57,0.57
logistic_regression,mutual_information_select_k_best_k11,mixed__r0p05__low,mixed,0.05,LOW,visible_attack_recall,5,0.5309941520467836,0.05285851012152828,0.45614035087719296,0.5847953216374269,0.4653616430301405,0.5966266610634267
logistic_regression,mutual_information_select_k_best_k11,mixed__r0p05__low,mixed,0.05,LOW,invisible_attack_recall,5,0.49767441860465117,0.09703865936921609,0.3953488372093023,0.5968992248062015,0.3771850088318414,0.618163828377461
logistic_regression,mutual_information_select_k_best_k11,mixed__r0p05__low,mixed,0.05,LOW,visible_attack_f1,5,0.05848340563234907,0.0033995637762185495,0.05467468562055768,0.06388384754990925,0.054262289681817504,0.06270452158288063
decision_tree,none_natural,mixed__r0p05__high,mixed,0.05,HIGH,visible_feature_attack_count,5,171.0,0.0,171.0,171.0,171.0,171.0
decision_tree,none_natural,mixed__r0p05__high,mixed,0.05,HIGH,invisible_feature_attack_count,5,129.0,0.0,129.0,129.0,129.0,129.0
decision_tree,none_natural,mixed__r0p05__high,mixed,0.05,HIGH,selected_feature_visibility_rate,5,0.57,0.0,0.57,0.57,0.57,0.57
decision_tree,none_natural,mixed__r0p05__high,mixed,0.05,HIGH,visible_attack_recall,5,0.43157894736842106,0.15268646365938604,0.2982456140350877,0.6023391812865497,0.2419936624293634,0.6211642323074787
decision_tree,none_natural,mixed__r0p05__high,mixed,0.05,HIGH,invisible_attack_recall,5,0.16279069767441862,0.16562682650559302,0.0,0.3875968992248062,-0.04286216993448061,0.36844356528331784
decision_tree,none_natural,mixed__r0p05__high,mixed,0.05,HIGH,visible_attack_f1,5,0.2192295590394216,0.14027918593070138,0.08555696738670054,0.4369747899159664,0.04504994417179928,0.3934091739070439
logistic_regression,none_natural,mixed__r0p05__high,mixed,0.05,HIGH,visible_feature_attack_count,5,171.0,0.0,171.0,171.0,171.0,171.0
logistic_regression,none_natural,mixed__r0p05__high,mixed,0.05,HIGH,invisible_feature_attack_count,5,129.0,0.0,129.0,129.0,129.0,129.0
logistic_regression,none_natural,mixed__r0p05__high,mixed,0.05,HIGH,selected_feature_visibility_rate,5,0.57,0.0,0.57,0.57,0.57,0.57
logistic_regression,none_natural,mixed__r0p05__high,mixed,0.05,HIGH,visible_attack_recall,5,0.4807017543859649,0.07762593453120523,0.3742690058479532,0.5380116959064327,0.38431642615156836,0.5770870826203615
logistic_regression,none_natural,mixed__r0p05__high,mixed,0.05,HIGH,invisible_attack_recall,5,0.4062015503875968,0.06793458077583456,0.3023255813953488,0.4883720930232558,0.32184962720511046,0.49055347357008317
logistic_regression,none_natural,mixed__r0p05__high,mixed,0.05,HIGH,visible_attack_f1,5,0.060460207421965326,0.004272416642804593,0.055491329479768786,0.06698216235893702,0.055155301491264054,0.06576511335266659
decision_tree,pairwise_correlation_filter_natural,mixed__r0p05__high,mixed,0.05,HIGH,visible_feature_attack_count,5,171.0,0.0,171.0,171.0,171.0,171.0
decision_tree,pairwise_correlation_filter_natural,mixed__r0p05__high,mixed,0.05,HIGH,invisible_feature_attack_count,5,129.0,0.0,129.0,129.0,129.0,129.0
decision_tree,pairwise_correlation_filter_natural,mixed__r0p05__high,mixed,0.05,HIGH,selected_feature_visibility_rate,5,0.57,0.0,0.57,0.57,0.57,0.57
decision_tree,pairwise_correlation_filter_natural,mixed__r0p05__high,mixed,0.05,HIGH,visible_attack_recall,5,0.43157894736842106,0.15268646365938604,0.2982456140350877,0.6023391812865497,0.2419936624293634,0.6211642323074787
decision_tree,pairwise_correlation_filter_natural,mixed__r0p05__high,mixed,0.05,HIGH,invisible_attack_recall,5,0.16279069767441862,0.16562682650559302,0.0,0.3875968992248062,-0.04286216993448061,0.36844356528331784
decision_tree,pairwise_correlation_filter_natural,mixed__r0p05__high,mixed,0.05,HIGH,visible_attack_f1,5,0.2192295590394216,0.14027918593070138,0.08555696738670054,0.4369747899159664,0.04504994417179928,0.3934091739070439
logistic_regression,pairwise_correlation_filter_natural,mixed__r0p05__high,mixed,0.05,HIGH,visible_feature_attack_count,5,171.0,0.0,171.0,171.0,171.0,171.0
logistic_regression,pairwise_correlation_filter_natural,mixed__r0p05__high,mixed,0.05,HIGH,invisible_feature_attack_count,5,129.0,0.0,129.0,129.0,129.0,129.0
logistic_regression,pairwise_correlation_filter_natural,mixed__r0p05__high,mixed,0.05,HIGH,selected_feature_visibility_rate,5,0.57,0.0,0.57,0.57,0.57,0.57
logistic_regression,pairwise_correlation_filter_natural,mixed__r0p05__high,mixed,0.05,HIGH,visible_attack_recall,5,0.4807017543859649,0.07762593453120523,0.3742690058479532,0.5380116959064327,0.38431642615156836,0.5770870826203615
logistic_regression,pairwise_correlation_filter_natural,mixed__r0p05__high,mixed,0.05,HIGH,invisible_attack_recall,5,0.4062015503875968,0.06793458077583456,0.3023255813953488,0.4883720930232558,0.32184962720511046,0.49055347357008317
logistic_regression,pairwise_correlation_filter_natural,mixed__r0p05__high,mixed,0.05,HIGH,visible_attack_f1,5,0.060460207421965326,0.004272416642804593,0.055491329479768786,0.06698216235893702,0.055155301491264054,0.06576511335266659
decision_tree,mutual_information_select_k_best_k11,mixed__r0p05__high,mixed,0.05,HIGH,visible_feature_attack_count,5,171.0,0.0,171.0,171.0,171.0,171.0
decision_tree,mutual_information_select_k_best_k11,mixed__r0p05__high,mixed,0.05,HIGH,invisible_feature_attack_count,5,129.0,0.0,129.0,129.0,129.0,129.0
decision_tree,mutual_information_select_k_best_k11,mixed__r0p05__high,mixed,0.05,HIGH,selected_feature_visibility_rate,5,0.57,0.0,0.57,0.57,0.57,0.57
decision_tree,mutual_information_select_k_best_k11,mixed__r0p05__high,mixed,0.05,HIGH,visible_attack_recall,5,0.4385964912280702,0.14567156382551055,0.30409356725146197,0.6023391812865497,0.2577213548637482,0.6194716275923922
decision_tree,mutual_information_select_k_best_k11,mixed__r0p05__high,mixed,0.05,HIGH,invisible_attack_recall,5,0.15503875968992248,0.17997188784874263,0.007751937984496124,0.40310077519379844,-0.06842585414080432,0.3785033735206493
decision_tree,mutual_information_select_k_best_k11,mixed__r0p05__high,mixed,0.05,HIGH,visible_attack_f1,5,0.23967342355028895,0.15015287881952688,0.08617747440273038,0.44635193133047213,0.05323399969328174,0.42611284740729616
logistic_regression,mutual_information_select_k_best_k11,mixed__r0p05__high,mixed,0.05,HIGH,visible_feature_attack_count,5,171.0,0.0,171.0,171.0,171.0,171.0
logistic_regression,mutual_information_select_k_best_k11,mixed__r0p05__high,mixed,0.05,HIGH,invisible_feature_attack_count,5,129.0,0.0,129.0,129.0,129.0,129.0
logistic_regression,mutual_information_select_k_best_k11,mixed__r0p05__high,mixed,0.05,HIGH,selected_feature_visibility_rate,5,0.57,0.0,0.57,0.57,0.57,0.57
logistic_regression,mutual_information_select_k_best_k11,mixed__r0p05__high,mixed,0.05,HIGH,visible_attack_recall,5,0.5286549707602338,0.047974606554371184,0.4619883040935672,0.5964912280701754,0.46908662897363346,0.5882233125468342
logistic_regression,mutual_information_select_k_best_k11,mixed__r0p05__high,mixed,0.05,HIGH,invisible_attack_recall,5,0.49767441860465117,0.09703865936921609,0.3953488372093023,0.5968992248062015,0.3771850088318414,0.618163828377461
logistic_regression,mutual_information_select_k_best_k11,mixed__r0p05__high,mixed,0.05,HIGH,visible_attack_f1,5,0.058367113146845465,0.005100214908500261,0.05313432835820896,0.0666908300108735,0.05203435991185355,0.06469986638183738
