stage,comparison_tier,classifier,phase,metric,unit,candidate_configuration_id,reference_configuration_id,candidate_mean,reference_mean,mean_difference,std_difference,mean_percent_change,ci95_low,ci95_high,n,df,t_critical,aggregation_hierarchy
V0.9-F,primary,decision_tree,training,absolute_peak_rss_mib,MiB,BGWO,K43,157.32421875,166.72390625,-9.399687499999999,0.0740954979891942,-5.637860460972651,-9.491689208796272,-9.307685791203726,5,4,2.7764451051977987,ten_repetitions_aggregated_within_seed_before_five_seed_scientific_pairing
V0.9-F,primary,decision_tree,training,incremental_peak_rss_mib,MiB,BGWO,K43,3.02,0.14750000000000002,2.8725,0.013693063937629165,1972.229437229437,2.855497816127746,2.889502183872254,5,4,2.7764451051977987,ten_repetitions_aggregated_within_seed_before_five_seed_scientific_pairing
V0.9-F,primary,decision_tree,training,inference_latency_sec,seconds,BGWO,K43,0.04078319528169232,0.09820005996123655,-0.05741686467954423,0.009386721175016238,-58.21397279316609,-0.06907201798213224,-0.04576171137695623,5,4,2.7764451051977987,ten_repetitions_aggregated_within_seed_before_five_seed_scientific_pairing
V0.9-F,primary,decision_tree,training,per_record_latency_sec,seconds,BGWO,K43,1.4565426886318684e-06,3.507144998615591e-06,-2.0506023099837226e-06,3.352400419648654e-07,-58.21397279316608,-2.466857785076151e-06,-1.634346834891294e-06,5,4,2.7764451051977987,ten_repetitions_aggregated_within_seed_before_five_seed_scientific_pairing
V0.9-F,primary,decision_tree,training,process_cpu_time_sec,seconds,BGWO,K43,0.04204234312,0.10142738927999999,-0.05938504615999999,0.010502250068427978,-58.250884896488266,-0.07242531147601239,-0.04634478084398758,5,4,2.7764451051977987,ten_repetitions_aggregated_within_seed_before_five_seed_scientific_pairing
V0.9-F,primary,decision_tree,training,throughput_records_sec,records/second,BGWO,K43,705887.2422991139,290232.4702701735,415654.7720289404,47087.61049425271,144.58224738127765,357187.7835320633,474121.76052581746,5,4,2.7764451051977987,ten_repetitions_aggregated_within_seed_before_five_seed_scientific_pairing
V0.9-F,primary,decision_tree,training,wall_time_sec,seconds,BGWO,K43,0.04078319528169232,0.09820005996123655,-0.05741686467954423,0.009386721175016238,-58.21397279316609,-0.06907201798213224,-0.04576171137695623,5,4,2.7764451051977987,ten_repetitions_aggregated_within_seed_before_five_seed_scientific_pairing
V0.9-F,primary,decision_tree,inference,absolute_peak_rss_mib,MiB,BGWO,K43,154.792421875,156.853203125,-2.0607812499999967,0.10735956999964523,-1.313804859089278,-2.194085757880367,-1.9274767421196262,5,4,2.7764451051977987,ten_repetitions_aggregated_within_seed_before_five_seed_scientific_pairing
V0.9-F,primary,decision_tree,inference,incremental_peak_rss_mib,MiB,BGWO,K43,0.4325,0.4125,0.019999999999999997,0.03137475099502784,5.498949579831932,-0.018956897287080915,0.05895689728708091,5,4,2.7764451051977987,ten_repetitions_aggregated_within_seed_before_five_seed_scientific_pairing
V0.9-F,primary,decision_tree,inference,inference_latency_sec,seconds,BGWO,K43,0.002057713424373446,0.0029097659087500465,-0.0008520524843765998,0.0002985610015358248,-28.69264226138291,-0.001222764917205226,-0.00048134005154797354,5,4,2.7764451051977987,ten_repetitions_aggregated_within_seed_before_five_seed_scientific_pairing
V0.9-F,primary,decision_tree,inference,per_record_latency_sec,seconds,BGWO,K43,3.429522373955744e-07,4.849609847916744e-07,-1.4200874739609994e-07,4.976016692263745e-08,-28.692642261382918,-2.0379415286753763e-07,-8.022334192466224e-08,5,4,2.7764451051977987,ten_repetitions_aggregated_within_seed_before_five_seed_scientific_pairing
V0.9-F,primary,decision_tree,inference,process_cpu_time_sec,seconds,BGWO,K43,1.08095392396,1.5358476068600002,-0.45489368290000004,0.16160890707634953,-29.00160301993959,-0.655557637002727,-0.2542297287972731,5,4,2.7764451051977987,ten_repetitions_aggregated_within_seed_before_five_seed_scientific_pairing
V0.9-F,primary,decision_tree,inference,throughput_records_sec,records/second,BGWO,K43,2955661.5948137613,2141576.789995687,814084.804818074,179971.5642040675,38.725525773194484,590620.6013123874,1037549.0083237606,5,4,2.7764451051977987,ten_repetitions_aggregated_within_seed_before_five_seed_scientific_pairing
V0.9-F,primary,decision_tree,inference,wall_time_sec,seconds,BGWO,K43,1.0535492732792044,1.4898001452800238,-0.4362508720008191,0.15286323278634228,-28.69264226138291,-0.6260556376090757,-0.24644610639256245,5,4,2.7764451051977987,ten_repetitions_aggregated_within_seed_before_five_seed_scientific_pairing
V0.9-F,primary,logistic_regression,training,absolute_peak_rss_mib,MiB,BGWO,K43,164.833671875,182.445546875,-17.61187500000001,0.04185670367549609,-9.653222532603285,-17.66384696006817,-17.559903039931847,5,4,2.7764451051977987,ten_repetitions_aggregated_within_seed_before_five_seed_scientific_pairing
V0.9-F,primary,logistic_regression,training,incremental_peak_rss_mib,MiB,BGWO,K43,10.52,21.892500000000002,-11.372499999999999,0.03235544776386266,-51.94697014016433,-11.412674593111959,-11.332325406888039,5,4,2.7764451051977987,ten_repetitions_aggregated_within_seed_before_five_seed_scientific_pairing
V0.9-F,primary,logistic_regression,training,inference_latency_sec,seconds,BGWO,K43,0.06942050248093437,0.24062104417884256,-0.1712005416979082,0.030450574974593466,-70.97130037595605,-0.20900992293589118,-0.1333911604599252,5,4,2.7764451051977987,ten_repetitions_aggregated_within_seed_before_five_seed_scientific_pairing
V0.9-F,primary,logistic_regression,training,per_record_latency_sec,seconds,BGWO,K43,2.479303660033371e-06,8.593608720672949e-06,-6.114305060639578e-06,1.0875205348069095e-06,-70.97130037595605,-7.464640104853256e-06,-4.763970016425899e-06,5,4,2.7764451051977987,ten_repetitions_aggregated_within_seed_before_five_seed_scientific_pairing
V0.9-F,primary,logistic_regression,training,process_cpu_time_sec,seconds,BGWO,K43,0.07157113415999997,0.24965860184,-0.17808746768,0.031190190137380953,-71.16695022596915,-0.216815202403346,-0.139359732956654,5,4,2.7764451051977987,ten_repetitions_aggregated_within_seed_before_five_seed_scientific_pairing
V0.9-F,primary,logistic_regression,training,throughput_records_sec,records/second,BGWO,K43,416422.3148302259,120354.26054092238,296068.0542893035,50781.90545839874,248.56918991328376,233013.99291050216,359122.1156681048,5,4,2.7764451051977987,ten_repetitions_aggregated_within_seed_before_five_seed_scientific_pairing
V0.9-F,primary,logistic_regression,training,wall_time_sec,seconds,BGWO,K43,0.06942050248093437,0.24062104417884256,-0.1712005416979082,0.030450574974593466,-70.97130037595605,-0.20900992293589118,-0.1333911604599252,5,4,2.7764451051977987,ten_repetitions_aggregated_within_seed_before_five_seed_scientific_pairing
V0.9-F,primary,logistic_regression,inference,absolute_peak_rss_mib,MiB,BGWO,K43,154.377734375,155.93328125,-1.5555468750000045,0.16105322371546132,-0.9974892498237267,-1.7555208571052583,-1.3555728928947508,5,4,2.7764451051977987,ten_repetitions_aggregated_within_seed_before_five_seed_scientific_pairing
V0.9-F,primary,logistic_regression,inference,incremental_peak_rss_mib,MiB,BGWO,K43,0.4225,0.425,-0.0025000000000000135,0.025617376914898998,-0.28845435297048533,-0.03430817343845419,0.029308173438454158,5,4,2.7764451051977987,ten_repetitions_aggregated_within_seed_before_five_seed_scientific_pairing
V0.9-F,primary,logistic_regression,inference,inference_latency_sec,seconds,BGWO,K43,0.002003931067616804,0.002575072185350678,-0.0005711411177338732,0.00026608391312279436,-21.85998886618822,-0.0009015279206414722,-0.00024075431482627408,5,4,2.7764451051977987,ten_repetitions_aggregated_within_seed_before_five_seed_scientific_pairing
V0.9-F,primary,logistic_regression,inference,per_record_latency_sec,seconds,BGWO,K43,3.3398851126946737e-07,4.291786975584463e-07,-9.519018628897888e-08,4.434731885379906e-08,-21.85998886618822,-1.5025465344024538e-07,-4.012571913771236e-08,5,4,2.7764451051977987,ten_repetitions_aggregated_within_seed_before_five_seed_scientific_pairing
V0.9-F,primary,logistic_regression,inference,process_cpu_time_sec,seconds,BGWO,K43,1.05547064828,1.35954322048,-0.3040725722,0.14378694101673362,-22.025843190185903,-0.4826076335077426,-0.12553751089225743,5,4,2.7764451051977987,ten_repetitions_aggregated_within_seed_before_five_seed_scientific_pairing
V0.9-F,primary,logistic_regression,inference,throughput_records_sec,records/second,BGWO,K43,3131517.2694252087,2440568.560560951,690948.7088642579,115454.7693728962,28.39261168750163,547592.6837446857,834304.7339838301,5,4,2.7764451051977987,ten_repetitions_aggregated_within_seed_before_five_seed_scientific_pairing
V0.9-F,primary,logistic_regression,inference,wall_time_sec,seconds,BGWO,K43,1.0260127066198037,1.318436958899547,-0.29242425227974306,0.1362349635188707,-21.85998886618822,-0.46158229536843376,-0.12326620919105233,5,4,2.7764451051977987,ten_repetitions_aggregated_within_seed_before_five_seed_scientific_pairing
V0.9-F,primary,decision_tree,training,absolute_peak_rss_mib,MiB,BGWO,BPSO-K10,157.32421875,156.154453125,1.1697656249999966,0.06866371983004682,0.749125380963968,1.084508359334623,1.2550228906653702,5,4,2.7764451051977987,ten_repetitions_aggregated_within_seed_before_five_seed_scientific_pairing
V0.9-F,primary,decision_tree,training,incremental_peak_rss_mib,MiB,BGWO,BPSO-K10,3.02,2.63,0.38999999999999996,0.013693063937629205,14.829158203565783,0.3729978161277458,0.4070021838722541,5,4,2.7764451051977987,ten_repetitions_aggregated_within_seed_before_five_seed_scientific_pairing
V0.9-F,primary,decision_tree,training,inference_latency_sec,seconds,BGWO,BPSO-K10,0.04078319528169232,0.03646374475996709,0.00431945052172523,0.0033686864649415957,12.361254114556594,0.00013667397545377453,0.008502227067996686,5,4,2.7764451051977987,ten_repetitions_aggregated_within_seed_before_five_seed_scientific_pairing
V0.9-F,primary,decision_tree,training,per_record_latency_sec,seconds,BGWO,BPSO-K10,1.4565426886318684e-06,1.302276598570253e-06,1.5426609006161532e-07,1.203102308907713e-07,12.36125411455659,4.88121340906332e-09,3.036509667141673e-07,5,4,2.7764451051977987,ten_repetitions_aggregated_within_seed_before_five_seed_scientific_pairing
V0.9-F,primary,decision_tree,training,process_cpu_time_sec,seconds,BGWO,BPSO-K10,0.04204234312,0.03756010975999999,0.004482233360000007,0.003604532057038389,12.474296604017281,6.615843982477401e-06,0.008957850876017536,5,4,2.7764451051977987,ten_repetitions_aggregated_within_seed_before_five_seed_scientific_pairing
V0.9-F,primary,decision_tree,training,throughput_records_sec,records/second,BGWO,BPSO-K10,705887.2422991139,785377.1119702574,-79489.86967114345,49758.79779325019,-9.82740151163577,-141273.57514397652,-17706.164198310384,5,4,2.7764451051977987,ten_repetitions_aggregated_within_seed_before_five_seed_scientific_pairing
V0.9-F,primary,decision_tree,training,wall_time_sec,seconds,BGWO,BPSO-K10,0.04078319528169232,0.03646374475996709,0.00431945052172523,0.0033686864649415957,12.361254114556594,0.00013667397545377453,0.008502227067996686,5,4,2.7764451051977987,ten_repetitions_aggregated_within_seed_before_five_seed_scientific_pairing
V0.9-F,primary,decision_tree,inference,absolute_peak_rss_mib,MiB,BGWO,BPSO-K10,154.792421875,154.5571875,0.23523437500000455,0.08593989698361776,0.15223114562778012,0.1285259029492245,0.3419428470507846,5,4,2.7764451051977987,ten_repetitions_aggregated_within_seed_before_five_seed_scientific_pairing
V0.9-F,primary,decision_tree,inference,incremental_peak_rss_mib,MiB,BGWO,BPSO-K10,0.4325,0.4225,0.009999999999999986,0.028504385627478455,2.6179971988795487,-0.02539286808354281,0.04539286808354279,5,4,2.7764451051977987,ten_repetitions_aggregated_within_seed_before_five_seed_scientific_pairing
V0.9-F,primary,decision_tree,inference,inference_latency_sec,seconds,BGWO,BPSO-K10,0.002057713424373446,0.0020621767170700875,-4.463292696641396e-06,0.00017977562498747203,0.28239316680270266,-0.00022768420554046334,0.00021875762014718052,5,4,2.7764451051977987,ten_repetitions_aggregated_within_seed_before_five_seed_scientific_pairing
V0.9-F,primary,decision_tree,inference,per_record_latency_sec,seconds,BGWO,BPSO-K10,3.429522373955744e-07,3.4369611951168127e-07,-7.438821161069169e-10,2.9962604164578655e-08,0.2823931668026975,-3.7947367590077214e-08,3.6459603357863386e-08,5,4,2.7764451051977987,ten_repetitions_aggregated_within_seed_before_five_seed_scientific_pairing
V0.9-F,primary,decision_tree,inference,process_cpu_time_sec,seconds,BGWO,BPSO-K10,1.08095392396,1.08373993754,-0.002786013580000013,0.09625637728762494,0.2606627136617149,-0.12230408732709608,0.11673206016709606,5,4,2.7764451051977987,ten_repetitions_aggregated_within_seed_before_five_seed_scientific_pairing
V0.9-F,primary,decision_tree,inference,throughput_records_sec,records/second,BGWO,BPSO-K10,2955661.5948137613,3011769.926277959,-56108.33146419758,197195.83866688103,-1.6686587492641614,-300959.29565520905,188742.6327268139,5,4,2.7764451051977987,ten_repetitions_aggregated_within_seed_before_five_seed_scientific_pairing
V0.9-F,primary,decision_tree,inference,wall_time_sec,seconds,BGWO,BPSO-K10,1.0535492732792044,1.0558344791398848,-0.002285205860680395,0.09204511999358568,0.28239316680270266,-0.11657431323671723,0.11200390151535643,5,4,2.7764451051977987,ten_repetitions_aggregated_within_seed_before_five_seed_scientific_pairing
V0.9-F,primary,logistic_regression,training,absolute_peak_rss_mib,MiB,BGWO,BPSO-K10,164.833671875,161.633671875,3.1999999999999944,0.06171071446899619,1.9797962133973914,3.123376030443645,3.276623969556344,5,4,2.7764451051977987,ten_repetitions_aggregated_within_seed_before_five_seed_scientific_pairing
V0.9-F,primary,logistic_regression,training,incremental_peak_rss_mib,MiB,BGWO,BPSO-K10,10.52,6.0175,4.5024999999999995,0.029843340965783283,74.82418873723222,4.465444599340673,4.539555400659326,5,4,2.7764451051977987,ten_repetitions_aggregated_within_seed_before_five_seed_scientific_pairing
V0.9-F,primary,logistic_regression,training,inference_latency_sec,seconds,BGWO,BPSO-K10,0.06942050248093437,0.04792257869936293,0.02149792378157144,0.015763937271993392,51.00532208575062,0.0019244111426231433,0.04107143642051974,5,4,2.7764451051977987,ten_repetitions_aggregated_within_seed_before_five_seed_scientific_pairing
V0.9-F,primary,logistic_regression,training,per_record_latency_sec,seconds,BGWO,BPSO-K10,2.479303660033371e-06,1.7115206678343905e-06,7.677829921989802e-07,5.629977597140498e-07,51.00532208575063,6.872896937939815e-08,1.4668370150185623e-06,5,4,2.7764451051977987,ten_repetitions_aggregated_within_seed_before_five_seed_scientific_pairing
V0.9-F,primary,logistic_regression,training,process_cpu_time_sec,seconds,BGWO,BPSO-K10,0.07157113415999997,0.04947482230000001,0.02209631185999996,0.01639494463917899,50.904020081948175,0.0017393001203022639,0.042453323599697654,5,4,2.7764451051977987,ten_repetitions_aggregated_within_seed_before_five_seed_scientific_pairing
V0.9-F,primary,logistic_regression,training,throughput_records_sec,records/second,BGWO,BPSO-K10,416422.3148302259,611489.453791287,-195067.1389610611,158105.88139399537,-29.341476783750487,-391381.51235402864,1247.2344319063995,5,4,2.7764451051977987,ten_repetitions_aggregated_within_seed_before_five_seed_scientific_pairing
V0.9-F,primary,logistic_regression,training,wall_time_sec,seconds,BGWO,BPSO-K10,0.06942050248093437,0.04792257869936293,0.02149792378157144,0.015763937271993392,51.00532208575062,0.0019244111426231433,0.04107143642051974,5,4,2.7764451051977987,ten_repetitions_aggregated_within_seed_before_five_seed_scientific_pairing
V0.9-F,primary,logistic_regression,inference,absolute_peak_rss_mib,MiB,BGWO,BPSO-K10,154.377734375,154.165703125,0.21203124999999545,0.0563979174939689,0.13753969327668528,0.14200398892735788,0.282058511072633,5,4,2.7764451051977987,ten_repetitions_aggregated_within_seed_before_five_seed_scientific_pairing
V0.9-F,primary,logistic_regression,inference,incremental_peak_rss_mib,MiB,BGWO,BPSO-K10,0.4225,0.43499999999999994,-0.0125,0.023385358667337132,-2.6429934015073338,-0.04153675684213001,0.016536756842130015,5,4,2.7764451051977987,ten_repetitions_aggregated_within_seed_before_five_seed_scientific_pairing
V0.9-F,primary,logistic_regression,inference,inference_latency_sec,seconds,BGWO,BPSO-K10,0.002003931067616804,0.0019289914581230507,7.493960949375386e-05,0.0001296834106565712,3.994925722387348,-8.608360658171436e-05,0.00023596282556922208,5,4,2.7764451051977987,ten_repetitions_aggregated_within_seed_before_five_seed_scientific_pairing
V0.9-F,primary,logistic_regression,inference,per_record_latency_sec,seconds,BGWO,BPSO-K10,3.3398851126946737e-07,3.214985763538417e-07,1.2489934915625644e-08,2.16139017760952e-08,3.994925722387349,-1.4347267763619055e-08,3.9327137594870345e-08,5,4,2.7764451051977987,ten_repetitions_aggregated_within_seed_before_five_seed_scientific_pairing
V0.9-F,primary,logistic_regression,inference,process_cpu_time_sec,seconds,BGWO,BPSO-K10,1.05547064828,1.0164064358,0.03906421248000007,0.06919041622766929,3.9571910391492344,-0.046847033115506115,0.12497545807550625,5,4,2.7764451051977987,ten_repetitions_aggregated_within_seed_before_five_seed_scientific_pairing
V0.9-F,primary,logistic_regression,inference,throughput_records_sec,records/second,BGWO,BPSO-K10,3131517.2694252087,3293038.801058783,-161521.53163357405,84412.96464781326,-4.912088431111052,-266334.0668471283,-56708.99642001974,5,4,2.7764451051977987,ten_repetitions_aggregated_within_seed_before_five_seed_scientific_pairing
V0.9-F,primary,logistic_regression,inference,wall_time_sec,seconds,BGWO,BPSO-K10,1.0260127066198037,0.987643626559002,0.038369080060801974,0.06639790625616446,3.994925722387348,-0.044074806569837754,0.1208129666914417,5,4,2.7764451051977987,ten_repetitions_aggregated_within_seed_before_five_seed_scientific_pairing
V0.9-F,secondary,decision_tree,training,absolute_peak_rss_mib,MiB,BGWO,K42,157.32421875,166.3803125,-9.056093750000002,0.09262162743733353,-5.4430044703508855,-9.171098685886514,-8.94108881411349,5,4,2.7764451051977987,ten_repetitions_aggregated_within_seed_before_five_seed_scientific_pairing
V0.9-F,secondary,decision_tree,training,incremental_peak_rss_mib,MiB,BGWO,K42,3.02,0.13999999999999999,2.88,0.01895718861012881,2079.792540792541,2.8564615422875024,2.9035384577124974,5,4,2.7764451051977987,ten_repetitions_aggregated_within_seed_before_five_seed_scientific_pairing
V0.9-F,secondary,decision_tree,training,inference_latency_sec,seconds,BGWO,K42,0.04078319528169232,0.09736915554007283,-0.056585960258380516,0.009768523927552826,-57.815946637325226,-0.06871518427524606,-0.04445673624151498,5,4,2.7764451051977987,ten_repetitions_aggregated_within_seed_before_five_seed_scientific_pairing
V0.9-F,secondary,decision_tree,training,per_record_latency_sec,seconds,BGWO,K42,1.4565426886318684e-06,3.4774698407168864e-06,-2.0209271520850186e-06,3.4887585455545803e-07,-57.815946637325226,-2.4541137241159306e-06,-1.5877405800541067e-06,5,4,2.7764451051977987,ten_repetitions_aggregated_within_seed_before_five_seed_scientific_pairing
V0.9-F,secondary,decision_tree,training,process_cpu_time_sec,seconds,BGWO,K42,0.04204234312,0.10057874034000006,-0.05853639722000006,0.010567983381432364,-57.873096955837454,-0.07165828122116019,-0.04541451321883993,5,4,2.7764451051977987,ten_repetitions_aggregated_within_seed_before_five_seed_scientific_pairing
V0.9-F,secondary,decision_tree,training,throughput_records_sec,records/second,BGWO,K42,705887.2422991139,295727.75324506825,410159.48905404564,42715.26425639795,139.8371622768025,357121.48526269355,463197.49284539773,5,4,2.7764451051977987,ten_repetitions_aggregated_within_seed_before_five_seed_scientific_pairing
V0.9-F,secondary,decision_tree,training,wall_time_sec,seconds,BGWO,K42,0.04078319528169232,0.09736915554007283,-0.056585960258380516,0.009768523927552826,-57.815946637325226,-0.06871518427524606,-0.04445673624151498,5,4,2.7764451051977987,ten_repetitions_aggregated_within_seed_before_five_seed_scientific_pairing
V0.9-F,secondary,decision_tree,inference,absolute_peak_rss_mib,MiB,BGWO,K42,154.792421875,156.77703125,-1.9846093750000022,0.1119631695816663,-1.2658420942523514,-2.123630006526934,-1.8455887434730707,5,4,2.7764451051977987,ten_repetitions_aggregated_within_seed_before_five_seed_scientific_pairing
V0.9-F,secondary,decision_tree,inference,incremental_peak_rss_mib,MiB,BGWO,K42,0.4325,0.41,0.0225,0.042756578441217684,6.147964358157056,-0.03058930212531421,0.0755893021253142,5,4,2.7764451051977987,ten_repetitions_aggregated_within_seed_before_five_seed_scientific_pairing
V0.9-F,secondary,decision_tree,inference,inference_latency_sec,seconds,BGWO,K42,0.002057713424373446,0.002757052817923977,-0.0006993393935505309,0.0002223578041893199,-25.0480822299293,-0.0009754330632710322,-0.0004232457238300296,5,4,2.7764451051977987,ten_repetitions_aggregated_within_seed_before_five_seed_scientific_pairing
V0.9-F,secondary,decision_tree,inference,per_record_latency_sec,seconds,BGWO,K42,3.429522373955744e-07,4.595088029873295e-07,-1.1655656559175515e-07,3.705963403155334e-08,-25.0480822299293,-1.6257217721183872e-07,-7.054095397167158e-08,5,4,2.7764451051977987,ten_repetitions_aggregated_within_seed_before_five_seed_scientific_pairing
V0.9-F,secondary,decision_tree,inference,process_cpu_time_sec,seconds,BGWO,K42,1.08095392396,1.4528755551599999,-0.3719216312,0.12035742577711839,-25.265640817103066,-0.5213651080416082,-0.22247815435839183,5,4,2.7764451051977987,ten_repetitions_aggregated_within_seed_before_five_seed_scientific_pairing
V0.9-F,secondary,decision_tree,inference,throughput_records_sec,records/second,BGWO,K42,2955661.5948137613,2214310.0815006616,741351.5133130994,177835.6686382021,33.8792942897954,520539.3743349858,962163.6522912129,5,4,2.7764451051977987,ten_repetitions_aggregated_within_seed_before_five_seed_scientific_pairing
V0.9-F,secondary,decision_tree,inference,wall_time_sec,seconds,BGWO,K42,1.0535492732792044,1.4116110427770763,-0.35806176949787183,0.1138471957449318,-25.0480822299293,-0.4994217283947685,-0.21670181060097515,5,4,2.7764451051977987,ten_repetitions_aggregated_within_seed_before_five_seed_scientific_pairing
V0.9-F,secondary,logistic_regression,training,absolute_peak_rss_mib,MiB,BGWO,K42,164.833671875,181.59375,-16.760078125000007,0.0603502351188897,-9.229432093081346,-16.835012836391034,-16.68514341360898,5,4,2.7764451051977987,ten_repetitions_aggregated_within_seed_before_five_seed_scientific_pairing
V0.9-F,secondary,logistic_regression,training,incremental_peak_rss_mib,MiB,BGWO,K42,10.52,21.264999999999997,-10.745,0.024366985862022347,-50.529031520051696,-10.775255607943246,-10.714744392056753,5,4,2.7764451051977987,ten_repetitions_aggregated_within_seed_before_five_seed_scientific_pairing
V0.9-F,secondary,logistic_regression,training,inference_latency_sec,seconds,BGWO,K42,0.06942050248093437,0.21880709699937145,-0.14938659451843705,0.04417181680579376,-67.55742697071852,-0.204233147103341,-0.0945400419335331,5,4,2.7764451051977987,ten_repetitions_aggregated_within_seed_before_five_seed_scientific_pairing
V0.9-F,secondary,logistic_regression,training,per_record_latency_sec,seconds,BGWO,K42,2.479303660033371e-06,7.81453917854898e-06,-5.33523551851561e-06,1.577564885921206e-06,-67.55742697071852,-7.2940409679764655e-06,-3.376430069054754e-06,5,4,2.7764451051977987,ten_repetitions_aggregated_within_seed_before_five_seed_scientific_pairing
V0.9-F,secondary,logistic_regression,training,process_cpu_time_sec,seconds,BGWO,K42,0.07157113415999997,0.22676638514,-0.15519525098000003,0.046310579803038335,-67.71093833856466,-0.21269742847865297,-0.0976930734813471,5,4,2.7764451051977987,ten_repetitions_aggregated_within_seed_before_five_seed_scientific_pairing
V0.9-F,secondary,logistic_regression,training,throughput_records_sec,records/second,BGWO,K42,416422.3148302259,134827.38044561763,281594.93438460823,45518.22063051252,215.59101101360753,225076.6007068499,338113.2680623666,5,4,2.7764451051977987,ten_repetitions_aggregated_within_seed_before_five_seed_scientific_pairing
V0.9-F,secondary,logistic_regression,training,wall_time_sec,seconds,BGWO,K42,0.06942050248093437,0.21880709699937145,-0.14938659451843705,0.04417181680579376,-67.55742697071852,-0.204233147103341,-0.0945400419335331,5,4,2.7764451051977987,ten_repetitions_aggregated_within_seed_before_five_seed_scientific_pairing
V0.9-F,secondary,logistic_regression,inference,absolute_peak_rss_mib,MiB,BGWO,K42,154.377734375,155.85289062500001,-1.4751562499999977,0.08149265148523763,-0.9464961745205498,-1.57634273763349,-1.3739697623665055,5,4,2.7764451051977987,ten_repetitions_aggregated_within_seed_before_five_seed_scientific_pairing
V0.9-F,secondary,logistic_regression,inference,incremental_peak_rss_mib,MiB,BGWO,K42,0.4225,0.4325,-0.01000000000000002,0.04183300132670377,-1.7446741854636643,-0.06194252971610789,0.041942529716107846,5,4,2.7764451051977987,ten_repetitions_aggregated_within_seed_before_five_seed_scientific_pairing
V0.9-F,secondary,logistic_regression,inference,inference_latency_sec,seconds,BGWO,K42,0.002003931067616804,0.002490364836210688,-0.0004864337685938835,0.00021016544694018102,-19.45688766256651,-0.0007473886278384905,-0.00022547890934927647,5,4,2.7764451051977987,ten_repetitions_aggregated_within_seed_before_five_seed_scientific_pairing
V0.9-F,secondary,logistic_regression,inference,per_record_latency_sec,seconds,BGWO,K42,3.3398851126946737e-07,4.150608060351147e-07,-8.107229476564728e-08,3.502757449003018e-08,-19.45688766256652,-1.2456477130641512e-07,-3.7579818224879424e-08,5,4,2.7764451051977987,ten_repetitions_aggregated_within_seed_before_five_seed_scientific_pairing
V0.9-F,secondary,logistic_regression,inference,process_cpu_time_sec,seconds,BGWO,K42,1.05547064828,1.31384043428,-0.258369786,0.11338611944770036,-19.58185554268592,-0.39915724307989103,-0.11758232892010895,5,4,2.7764451051977987,ten_repetitions_aggregated_within_seed_before_five_seed_scientific_pairing
V0.9-F,secondary,logistic_regression,inference,throughput_records_sec,records/second,BGWO,K42,3131517.2694252087,2481873.5271298923,649643.7422953167,114028.12300302059,26.14632077566274,508059.1325442693,791228.352046364,5,4,2.7764451051977987,ten_repetitions_aggregated_within_seed_before_five_seed_scientific_pairing
V0.9-F,secondary,logistic_regression,inference,wall_time_sec,seconds,BGWO,K42,1.0260127066198037,1.2750667961398723,-0.24905408952006836,0.10760470883337268,-19.45688766256651,-0.38266297745330713,-0.11544520158682955,5,4,2.7764451051977987,ten_repetitions_aggregated_within_seed_before_five_seed_scientific_pairing
V0.9-F,secondary,decision_tree,training,absolute_peak_rss_mib,MiB,BGWO,MI-K11,157.32421875,156.39265625000002,0.9315624999999954,0.08094208104192446,0.5956593378733925,0.8310596358385381,1.0320653641614528,5,4,2.7764451051977987,ten_repetitions_aggregated_within_seed_before_five_seed_scientific_pairing
V0.9-F,secondary,decision_tree,training,incremental_peak_rss_mib,MiB,BGWO,MI-K11,3.02,2.77,0.25,0.02338535866733717,9.028312121954961,0.22096324315786994,0.27903675684213003,5,4,2.7764451051977987,ten_repetitions_aggregated_within_seed_before_five_seed_scientific_pairing
V0.9-F,secondary,decision_tree,training,inference_latency_sec,seconds,BGWO,MI-K11,0.04078319528169232,0.050020929559541405,-0.009237734277849087,0.00787234402403745,-17.26667825195456,-0.019012540063609557,0.0005370715079113832,5,4,2.7764451051977987,ten_repetitions_aggregated_within_seed_before_five_seed_scientific_pairing
V0.9-F,secondary,decision_tree,training,per_record_latency_sec,seconds,BGWO,MI-K11,1.4565426886318684e-06,1.7864617699836218e-06,-3.299190813517531e-07,2.8115514371562317e-07,-17.266678251954563,-6.790192879860556e-07,1.9181125282549275e-08,5,4,2.7764451051977987,ten_repetitions_aggregated_within_seed_before_five_seed_scientific_pairing
V0.9-F,secondary,decision_tree,training,process_cpu_time_sec,seconds,BGWO,MI-K11,0.04204234312,0.05157506139999997,-0.009532718279999974,0.008173277824107638,-17.29405096421808,-0.019681182716992547,0.0006157461569925998,5,4,2.7764451051977987,ten_repetitions_aggregated_within_seed_before_five_seed_scientific_pairing
V0.9-F,secondary,decision_tree,training,throughput_records_sec,records/second,BGWO,MI-K11,705887.2422991139,580431.8454036275,125455.3968954864,90084.60527886631,23.37085111035182,13600.589966431187,237310.2038245416,5,4,2.7764451051977987,ten_repetitions_aggregated_within_seed_before_five_seed_scientific_pairing
V0.9-F,secondary,decision_tree,training,wall_time_sec,seconds,BGWO,MI-K11,0.04078319528169232,0.050020929559541405,-0.009237734277849087,0.00787234402403745,-17.26667825195456,-0.019012540063609557,0.0005370715079113832,5,4,2.7764451051977987,ten_repetitions_aggregated_within_seed_before_five_seed_scientific_pairing
V0.9-F,secondary,decision_tree,inference,absolute_peak_rss_mib,MiB,BGWO,MI-K11,154.792421875,154.64671875,0.145703125,0.050535009957903276,0.09422276763184881,0.08295562486386697,0.208450625136133,5,4,2.7764451051977987,ten_repetitions_aggregated_within_seed_before_five_seed_scientific_pairing
V0.9-F,secondary,decision_tree,inference,incremental_peak_rss_mib,MiB,BGWO,MI-K11,0.4325,0.4325,-1.1102230246251566e-17,0.01976423537605237,0.22604822225315316,-0.024540538588643558,0.024540538588643537,5,4,2.7764451051977987,ten_repetitions_aggregated_within_seed_before_five_seed_scientific_pairing
V0.9-F,secondary,decision_tree,inference,inference_latency_sec,seconds,BGWO,MI-K11,0.002057713424373446,0.0022047291006242627,-0.00014701567625081662,0.00023434622796314282,-5.852444546179709,-0.000437994939602478,0.00014396358710084474,5,4,2.7764451051977987,ten_repetitions_aggregated_within_seed_before_five_seed_scientific_pairing
V0.9-F,secondary,decision_tree,inference,per_record_latency_sec,seconds,BGWO,MI-K11,3.429522373955744e-07,3.674548501040439e-07,-2.450261270846948e-08,3.9057704660523786e-08,-5.85244454617972,-7.299915660041302e-08,2.399393118347405e-08,5,4,2.7764451051977987,ten_repetitions_aggregated_within_seed_before_five_seed_scientific_pairing
V0.9-F,secondary,decision_tree,inference,process_cpu_time_sec,seconds,BGWO,MI-K11,1.08095392396,1.16106753288,-0.08011360892,0.12617027099334535,-6.050556336438855,-0.2367746861202577,0.07654746828025771,5,4,2.7764451051977987,ten_repetitions_aggregated_within_seed_before_five_seed_scientific_pairing
V0.9-F,secondary,decision_tree,inference,throughput_records_sec,records/second,BGWO,MI-K11,2955661.5948137613,2876241.275259992,79420.319553769,218451.7570119332,3.142512160660843,-191823.35219504923,350663.99130258727,5,4,2.7764451051977987,ten_repetitions_aggregated_within_seed_before_five_seed_scientific_pairing
V0.9-F,secondary,decision_tree,inference,wall_time_sec,seconds,BGWO,MI-K11,1.0535492732792044,1.1288212995196225,-0.07527202624041811,0.11998526871712913,-5.852444546179709,-0.22425340907646873,0.0737093565956325,5,4,2.7764451051977987,ten_repetitions_aggregated_within_seed_before_five_seed_scientific_pairing
V0.9-F,secondary,logistic_regression,training,absolute_peak_rss_mib,MiB,BGWO,MI-K11,164.833671875,164.45960937499999,0.3740624999999909,0.27672419244894375,0.2276208311229479,0.030464045822861663,0.7176609541771202,5,4,2.7764451051977987,ten_repetitions_aggregated_within_seed_before_five_seed_scientific_pairing
V0.9-F,secondary,logistic_regression,training,incremental_peak_rss_mib,MiB,BGWO,MI-K11,10.52,10.79,-0.2699999999999996,0.23594888217577978,-2.4657532722451156,-0.5629692213136634,0.022969221313664356,5,4,2.7764451051977987,ten_repetitions_aggregated_within_seed_before_five_seed_scientific_pairing
V0.9-F,secondary,logistic_regression,training,inference_latency_sec,seconds,BGWO,MI-K11,0.06942050248093437,0.03664887496008305,0.03277162752085132,0.01260984421765951,94.42464925435952,0.017114438526066856,0.048428816515635784,5,4,2.7764451051977987,ten_repetitions_aggregated_within_seed_before_five_seed_scientific_pairing
V0.9-F,secondary,logistic_regression,training,per_record_latency_sec,seconds,BGWO,MI-K11,2.479303660033371e-06,1.3088883914315375e-06,1.1704152686018332e-06,4.503515792021256e-07,94.42464925435954,6.112299473595307e-07,1.7296005898441355e-06,5,4,2.7764451051977987,ten_repetitions_aggregated_within_seed_before_five_seed_scientific_pairing
V0.9-F,secondary,logistic_regression,training,process_cpu_time_sec,seconds,BGWO,MI-K11,0.07157113415999997,0.0377346147,0.03383651945999997,0.013038103082267216,94.76464050647047,0.01764757687126832,0.05002546204873162,5,4,2.7764451051977987,ten_repetitions_aggregated_within_seed_before_five_seed_scientific_pairing
V0.9-F,secondary,logistic_regression,training,throughput_records_sec,records/second,BGWO,MI-K11,416422.3148302259,793725.1080926767,-377302.79326245084,141882.51196507845,-46.29637122345498,-553473.1936692154,-201132.39285568628,5,4,2.7764451051977987,ten_repetitions_aggregated_within_seed_before_five_seed_scientific_pairing
V0.9-F,secondary,logistic_regression,training,wall_time_sec,seconds,BGWO,MI-K11,0.06942050248093437,0.03664887496008305,0.03277162752085132,0.01260984421765951,94.42464925435952,0.017114438526066856,0.048428816515635784,5,4,2.7764451051977987,ten_repetitions_aggregated_within_seed_before_five_seed_scientific_pairing
V0.9-F,secondary,logistic_regression,inference,absolute_peak_rss_mib,MiB,BGWO,MI-K11,154.377734375,154.203984375,0.17375000000000113,0.08589816216133006,0.11268566049261722,0.0670933485735637,0.28040665142643856,5,4,2.7764451051977987,ten_repetitions_aggregated_within_seed_before_five_seed_scientific_pairing
V0.9-F,secondary,logistic_regression,inference,incremental_peak_rss_mib,MiB,BGWO,MI-K11,0.4225,0.42750000000000005,-0.0050000000000000044,0.014252192813739238,-1.063255769138123,-0.022696434041771418,0.012696434041771409,5,4,2.7764451051977987,ten_repetitions_aggregated_within_seed_before_five_seed_scientific_pairing
V0.9-F,secondary,logistic_regression,inference,inference_latency_sec,seconds,BGWO,MI-K11,0.002003931067616804,0.0019231656293362675,8.076543828053679e-05,0.00017885352627029598,4.32173508857393,-0.0001413105378267587,0.0003028414143878323,5,4,2.7764451051977987,ten_repetitions_aggregated_within_seed_before_five_seed_scientific_pairing
V0.9-F,secondary,logistic_regression,inference,per_record_latency_sec,seconds,BGWO,MI-K11,3.3398851126946737e-07,3.2052760488937794e-07,1.3460906380089454e-08,2.980892104504935e-08,4.321735088573926,-2.3551756304459825e-08,5.047356906463873e-08,5,4,2.7764451051977987,ten_repetitions_aggregated_within_seed_before_five_seed_scientific_pairing
V0.9-F,secondary,logistic_regression,inference,process_cpu_time_sec,seconds,BGWO,MI-K11,1.05547064828,1.0127549038399999,0.042715744440000016,0.09548767903969664,4.342680636951056,-0.07584786440332525,0.1612793532833253,5,4,2.7764451051977987,ten_repetitions_aggregated_within_seed_before_five_seed_scientific_pairing
V0.9-F,secondary,logistic_regression,inference,throughput_records_sec,records/second,BGWO,MI-K11,3131517.2694252087,3258592.00086445,-127074.73143924093,123349.18256451444,-3.868305772054854,-280232.9648343907,26083.501955908825,5,4,2.7764451051977987,ten_repetitions_aggregated_within_seed_before_five_seed_scientific_pairing
V0.9-F,secondary,logistic_regression,inference,wall_time_sec,seconds,BGWO,MI-K11,1.0260127066198037,0.9846608022201689,0.041351904399634834,0.09157300545039154,4.32173508857393,-0.07235099536730046,0.15505480416657014,5,4,2.7764451051977987,ten_repetitions_aggregated_within_seed_before_five_seed_scientific_pairing
