stage,classifier,configuration_id,phase,metric,unit,seed_count,mean_of_seed_means,std_of_seed_means,min_of_seed_means,max_of_seed_means,feature_count,input_dataframe_memory_bytes,numpy_dense_nbytes,serialized_model_bytes,measurement_provenance,aggregation_hierarchy
V1.0-F,decision_tree,BGWO-K14,inference,absolute_peak_rss_mib,MiB,5,155.914609375,0.1555925131597471,155.749609375,156.151171875,14,672132,672000,3172,DIRECT_COMPUTATIONAL,seeds_are_scientific_units_ten_repetitions_nested
V1.0-F,decision_tree,BGWO-K14,inference,incremental_peak_rss_mib,MiB,5,0.395,0.01895718861012887,0.375,0.425,14,672132,672000,3172,DIRECT_COMPUTATIONAL,seeds_are_scientific_units_ten_repetitions_nested
V1.0-F,decision_tree,BGWO-K14,inference,inference_latency_sec,seconds,5,0.003550632198124219,0.0018449206303040083,0.0023283129193316654,0.00661819218066313,14,672132,672000,3172,DIRECT_COMPUTATIONAL,seeds_are_scientific_units_ten_repetitions_nested
V1.0-F,decision_tree,BGWO-K14,inference,monotonic_elapsed_sec,seconds,5,19.18056962181887,5.530395527179661,14.613890895199438,26.046710943000654,14,672132,672000,3172,DIRECT_COMPUTATIONAL,seeds_are_scientific_units_ten_repetitions_nested
V1.0-F,decision_tree,BGWO-K14,inference,per_record_latency_sec,seconds,5,5.917720330207033e-07,3.074867717173347e-07,3.8805215322194424e-07,1.1030320301105215e-06,14,672132,672000,3172,DIRECT_COMPUTATIONAL,seeds_are_scientific_units_ten_repetitions_nested
V1.0-F,decision_tree,BGWO-K14,inference,process_cpu_time_sec,seconds,5,1.8618991732599999,0.9968597158411494,1.1960355656000001,3.5158528538,14,672132,672000,3172,DIRECT_COMPUTATIONAL,seeds_are_scientific_units_ten_repetitions_nested
V1.0-F,decision_tree,BGWO-K14,inference,standby_gap_sec,seconds,5,7.915492460597306e-07,3.1567943644884567e-07,5.531677743420005e-07,1.3320539437700063e-06,14,672132,672000,3172,DIRECT_COMPUTATIONAL,seeds_are_scientific_units_ten_repetitions_nested
V1.0-F,decision_tree,BGWO-K14,inference,throughput_records_sec,records/second,5,2143394.3645283557,688615.7784303295,1104309.9001628957,2774884.256885983,14,672132,672000,3172,DIRECT_COMPUTATIONAL,seeds_are_scientific_units_ten_repetitions_nested
V1.0-F,decision_tree,BGWO-K14,inference,wall_clock_elapsed_sec,seconds,5,18.92693492412567,5.562721331017065,14.27766728401184,25.923379135131835,14,672132,672000,3172,DIRECT_COMPUTATIONAL,seeds_are_scientific_units_ten_repetitions_nested
V1.0-F,decision_tree,BGWO-K14,inference,wall_time_sec,seconds,5,1.8179236854396001,0.9445993627156523,1.1920962146978127,3.3885143964995224,14,672132,672000,3172,DIRECT_COMPUTATIONAL,seeds_are_scientific_units_ten_repetitions_nested
V1.0-F,decision_tree,BGWO-K14,training,absolute_peak_rss_mib,MiB,5,160.99,0.0579572196248255,160.9328125,161.066015625,14,3136132,3136000,3172,DIRECT_COMPUTATIONAL,seeds_are_scientific_units_ten_repetitions_nested
V1.0-F,decision_tree,BGWO-K14,training,incremental_peak_rss_mib,MiB,5,3.0175,0.011180339887498909,3.0125,3.0375,14,3136132,3136000,3172,DIRECT_COMPUTATIONAL,seeds_are_scientific_units_ten_repetitions_nested
V1.0-F,decision_tree,BGWO-K14,training,inference_latency_sec,seconds,5,0.04216475001929211,0.0018959691023232954,0.03993764639890287,0.04457046569805243,14,3136132,3136000,3172,DIRECT_COMPUTATIONAL,seeds_are_scientific_units_ten_repetitions_nested
V1.0-F,decision_tree,BGWO-K14,training,monotonic_elapsed_sec,seconds,5,13.70417601254041,0.39740831671016313,13.37862740000055,14.391083661101584,14,3136132,3136000,3172,DIRECT_COMPUTATIONAL,seeds_are_scientific_units_ten_repetitions_nested
V1.0-F,decision_tree,BGWO-K14,training,per_record_latency_sec,seconds,5,1.5058839292604324e-06,6.77131822258319e-08,1.426344514246531e-06,1.5918023463590153e-06,14,3136132,3136000,3172,DIRECT_COMPUTATIONAL,seeds_are_scientific_units_ten_repetitions_nested
V1.0-F,decision_tree,BGWO-K14,training,process_cpu_time_sec,seconds,5,0.04320899306000001,0.0018890866793582319,0.041043004800000116,0.045924508300000035,14,3136132,3136000,3172,DIRECT_COMPUTATIONAL,seeds_are_scientific_units_ten_repetitions_nested
V1.0-F,decision_tree,BGWO-K14,training,standby_gap_sec,seconds,5,8.600785804446787e-07,1.8355270312579796e-07,6.195616151671856e-07,1.074316242011264e-06,14,3136132,3136000,3172,DIRECT_COMPUTATIONAL,seeds_are_scientific_units_ten_repetitions_nested
V1.0-F,decision_tree,BGWO-K14,training,throughput_records_sec,records/second,5,671646.8364235392,29394.484894175417,636801.2811041771,704945.2060840314,14,3136132,3136000,3172,DIRECT_COMPUTATIONAL,seeds_are_scientific_units_ten_repetitions_nested
V1.0-F,decision_tree,BGWO-K14,training,wall_clock_elapsed_sec,seconds,5,13.635372791290283,0.31797768444395225,13.378628373146057,14.16576416492462,14,3136132,3136000,3172,DIRECT_COMPUTATIONAL,seeds_are_scientific_units_ten_repetitions_nested
V1.0-F,decision_tree,BGWO-K14,training,wall_time_sec,seconds,5,0.04216475001929211,0.0018959691023232954,0.03993764639890287,0.04457046569805243,14,3136132,3136000,3172,DIRECT_COMPUTATIONAL,seeds_are_scientific_units_ten_repetitions_nested
V1.0-F,decision_tree,BPSO-K10,inference,absolute_peak_rss_mib,MiB,5,155.59890625,0.08388593431312079,155.51484375,155.7078125,10,480132,480000,3092,DIRECT_COMPUTATIONAL,seeds_are_scientific_units_ten_repetitions_nested
V1.0-F,decision_tree,BPSO-K10,inference,incremental_peak_rss_mib,MiB,5,0.41500000000000004,0.02236067977499789,0.3875,0.4375,10,480132,480000,3092,DIRECT_COMPUTATIONAL,seeds_are_scientific_units_ten_repetitions_nested
V1.0-F,decision_tree,BPSO-K10,inference,inference_latency_sec,seconds,5,0.0038194282648419176,0.0016194889689885277,0.002194200545312697,0.006181261915028813,10,480132,480000,3092,DIRECT_COMPUTATIONAL,seeds_are_scientific_units_ten_repetitions_nested
V1.0-F,decision_tree,BPSO-K10,inference,monotonic_elapsed_sec,seconds,5,22.0034587128603,6.78233403670248,14.887214997998672,31.579764256802445,10,480132,480000,3092,DIRECT_COMPUTATIONAL,seeds_are_scientific_units_ten_repetitions_nested
V1.0-F,decision_tree,BPSO-K10,inference,per_record_latency_sec,seconds,5,6.365713774736529e-07,2.699148281647547e-07,3.6570009088544945e-07,1.0302103191714689e-06,10,480132,480000,3092,DIRECT_COMPUTATIONAL,seeds_are_scientific_units_ten_repetitions_nested
V1.0-F,decision_tree,BPSO-K10,inference,process_cpu_time_sec,seconds,5,1.99100414832,0.8414941249291369,1.1431123024,3.2094464127999998,10,480132,480000,3092,DIRECT_COMPUTATIONAL,seeds_are_scientific_units_ten_repetitions_nested
V1.0-F,decision_tree,BPSO-K10,inference,standby_gap_sec,seconds,5,5.816786142531783e-07,2.0871228785775636e-07,3.133449354209006e-07,8.12102371128276e-07,10,480132,480000,3092,DIRECT_COMPUTATIONAL,seeds_are_scientific_units_ten_repetitions_nested
V1.0-F,decision_tree,BPSO-K10,inference,throughput_records_sec,records/second,5,1992793.0559303984,646067.0873662888,1208986.3431301415,2770872.878243626,10,480132,480000,3092,DIRECT_COMPUTATIONAL,seeds_are_scientific_units_ten_repetitions_nested
V1.0-F,decision_tree,BPSO-K10,inference,wall_clock_elapsed_sec,seconds,5,21.673294286727906,6.642893909440811,14.750701642036438,30.99396493434906,10,480132,480000,3092,DIRECT_COMPUTATIONAL,seeds_are_scientific_units_ten_repetitions_nested
V1.0-F,decision_tree,BPSO-K10,inference,wall_time_sec,seconds,5,1.9555472715990618,0.8291783521221262,1.1234306792001008,3.164806100494752,10,480132,480000,3092,DIRECT_COMPUTATIONAL,seeds_are_scientific_units_ten_repetitions_nested
V1.0-F,decision_tree,BPSO-K10,training,absolute_peak_rss_mib,MiB,5,159.81578125000001,0.05299530353970988,159.738671875,159.865234375,10,2240132,2240000,3092,DIRECT_COMPUTATIONAL,seeds_are_scientific_units_ten_repetitions_nested
V1.0-F,decision_tree,BPSO-K10,training,incremental_peak_rss_mib,MiB,5,2.6475,0.01045825033167588,2.6375,2.6625,10,2240132,2240000,3092,DIRECT_COMPUTATIONAL,seeds_are_scientific_units_ten_repetitions_nested
V1.0-F,decision_tree,BPSO-K10,training,inference_latency_sec,seconds,5,0.03693713107990334,0.0006047988110405778,0.03642205930082128,0.03792554799947538,10,2240132,2240000,3092,DIRECT_COMPUTATIONAL,seeds_are_scientific_units_ten_repetitions_nested
V1.0-F,decision_tree,BPSO-K10,training,monotonic_elapsed_sec,seconds,5,13.847904665120003,0.5260010845292205,13.353649939599563,14.486402870700113,10,2240132,2240000,3092,DIRECT_COMPUTATIONAL,seeds_are_scientific_units_ten_repetitions_nested
V1.0-F,decision_tree,BPSO-K10,training,per_record_latency_sec,seconds,5,1.3191832528536907e-06,2.159995753716356e-08,1.3007878321721885e-06,1.354483857124121e-06,10,2240132,2240000,3092,DIRECT_COMPUTATIONAL,seeds_are_scientific_units_ten_repetitions_nested
V1.0-F,decision_tree,BPSO-K10,training,process_cpu_time_sec,seconds,5,0.037629184920000024,0.0006165664693917128,0.03671462640000005,0.03821549549999994,10,2240132,2240000,3092,DIRECT_COMPUTATIONAL,seeds_are_scientific_units_ten_repetitions_nested
V1.0-F,decision_tree,BPSO-K10,training,standby_gap_sec,seconds,5,7.705001917202025e-07,1.8207544820998066e-07,5.692330887541175e-07,1.0123534593731164e-06,10,2240132,2240000,3092,DIRECT_COMPUTATIONAL,seeds_are_scientific_units_ten_repetitions_nested
V1.0-F,decision_tree,BPSO-K10,training,throughput_records_sec,records/second,5,768907.5364847822,11668.262229706146,755761.6453312909,785433.612357953,10,2240132,2240000,3092,DIRECT_COMPUTATIONAL,seeds_are_scientific_units_ten_repetitions_nested
V1.0-F,decision_tree,BPSO-K10,training,wall_clock_elapsed_sec,seconds,5,13.695277934074403,0.3703558176705749,13.35365080833435,14.193661546707153,10,2240132,2240000,3092,DIRECT_COMPUTATIONAL,seeds_are_scientific_units_ten_repetitions_nested
V1.0-F,decision_tree,BPSO-K10,training,wall_time_sec,seconds,5,0.03693713107990334,0.0006047988110405778,0.03642205930082128,0.03792554799947538,10,2240132,2240000,3092,DIRECT_COMPUTATIONAL,seeds_are_scientific_units_ten_repetitions_nested
V1.0-F,decision_tree,HYBRID-K13,inference,absolute_peak_rss_mib,MiB,5,155.801328125,0.08325106820002257,155.684765625,155.896484375,13,624132,624000,3140,DIRECT_COMPUTATIONAL,seeds_are_scientific_units_ten_repetitions_nested
V1.0-F,decision_tree,HYBRID-K13,inference,incremental_peak_rss_mib,MiB,5,0.39249999999999996,0.03137475099502783,0.3625,0.425,13,624132,624000,3140,DIRECT_COMPUTATIONAL,seeds_are_scientific_units_ten_repetitions_nested
V1.0-F,decision_tree,HYBRID-K13,inference,inference_latency_sec,seconds,5,0.00417321209429673,0.0015790495235602638,0.0022602655349572842,0.006578609425389459,13,624132,624000,3140,DIRECT_COMPUTATIONAL,seeds_are_scientific_units_ten_repetitions_nested
V1.0-F,decision_tree,HYBRID-K13,inference,monotonic_elapsed_sec,seconds,5,24.287348417739995,6.7345140350581305,14.495571871299035,30.63406540890137,13,624132,624000,3140,DIRECT_COMPUTATIONAL,seeds_are_scientific_units_ten_repetitions_nested
V1.0-F,decision_tree,HYBRID-K13,inference,per_record_latency_sec,seconds,5,6.955353490494549e-07,2.631749205933773e-07,3.767109224928807e-07,1.0964349042315765e-06,13,624132,624000,3140,DIRECT_COMPUTATIONAL,seeds_are_scientific_units_ten_repetitions_nested
V1.0-F,decision_tree,HYBRID-K13,inference,process_cpu_time_sec,seconds,5,2.1849143515200002,0.8362240494523696,1.1880667513,3.4659932108,13,624132,624000,3140,DIRECT_COMPUTATIONAL,seeds_are_scientific_units_ten_repetitions_nested
V1.0-F,decision_tree,HYBRID-K13,inference,standby_gap_sec,seconds,5,6.16024190094322e-07,3.7213646146644487e-07,2.4498294806107877e-07,1.2399897968862205e-06,13,624132,624000,3140,DIRECT_COMPUTATIONAL,seeds_are_scientific_units_ten_repetitions_nested
V1.0-F,decision_tree,HYBRID-K13,inference,throughput_records_sec,records/second,5,1760296.3049618949,674991.4137569509,954879.1938180731,2805005.179306513,13,624132,624000,3140,DIRECT_COMPUTATIONAL,seeds_are_scientific_units_ten_repetitions_nested
V1.0-F,decision_tree,HYBRID-K13,inference,wall_clock_elapsed_sec,seconds,5,23.87331642627716,6.693458979143643,14.260775494575501,30.243330121040344,13,624132,624000,3140,DIRECT_COMPUTATIONAL,seeds_are_scientific_units_ten_repetitions_nested
V1.0-F,decision_tree,HYBRID-K13,inference,wall_time_sec,seconds,5,2.136684592279926,0.8084733560628551,1.1572559538981295,3.368248025799403,13,624132,624000,3140,DIRECT_COMPUTATIONAL,seeds_are_scientific_units_ten_repetitions_nested
V1.0-F,decision_tree,HYBRID-K13,training,absolute_peak_rss_mib,MiB,5,160.615390625,0.09053344310965654,160.480859375,160.716796875,13,2912132,2912000,3140,DIRECT_COMPUTATIONAL,seeds_are_scientific_units_ten_repetitions_nested
V1.0-F,decision_tree,HYBRID-K13,training,incremental_peak_rss_mib,MiB,5,2.8825000000000003,0.006846531968814674,2.875,2.8875,13,2912132,2912000,3140,DIRECT_COMPUTATIONAL,seeds_are_scientific_units_ten_repetitions_nested
V1.0-F,decision_tree,HYBRID-K13,training,inference_latency_sec,seconds,5,0.032311668200709395,0.001563903166921679,0.03016858230039361,0.03393492970135412,13,2912132,2912000,3140,DIRECT_COMPUTATIONAL,seeds_are_scientific_units_ten_repetitions_nested
V1.0-F,decision_tree,HYBRID-K13,training,monotonic_elapsed_sec,seconds,5,13.699084523460623,0.42224190464547073,13.18049918770048,14.340329604301223,13,2912132,2912000,3140,DIRECT_COMPUTATIONAL,seeds_are_scientific_units_ten_repetitions_nested
V1.0-F,decision_tree,HYBRID-K13,training,per_record_latency_sec,seconds,5,1.1539881500253353e-06,5.585368453291716e-08,1.0774493678712002e-06,1.2119617750483615e-06,13,2912132,2912000,3140,DIRECT_COMPUTATIONAL,seeds_are_scientific_units_ten_repetitions_nested
V1.0-F,decision_tree,HYBRID-K13,training,process_cpu_time_sec,seconds,5,0.03296869539999999,0.0016516715833891883,0.03095454700000002,0.034966173099999984,13,2912132,2912000,3140,DIRECT_COMPUTATIONAL,seeds_are_scientific_units_ten_repetitions_nested
V1.0-F,decision_tree,HYBRID-K13,training,standby_gap_sec,seconds,5,7.461950008291752e-07,2.2410523893495682e-07,5.678601155523211e-07,1.0378404112998397e-06,13,2912132,2912000,3140,DIRECT_COMPUTATIONAL,seeds_are_scientific_units_ten_repetitions_nested
V1.0-F,decision_tree,HYBRID-K13,training,throughput_records_sec,records/second,5,880020.5707267126,39072.45073868678,836720.6914360326,933701.1818577138,13,2912132,2912000,3140,DIRECT_COMPUTATIONAL,seeds_are_scientific_units_ten_repetitions_nested
V1.0-F,decision_tree,HYBRID-K13,training,wall_clock_elapsed_sec,seconds,5,13.539628758430482,0.38466775613044535,13.18050012588501,14.101708579063416,13,2912132,2912000,3140,DIRECT_COMPUTATIONAL,seeds_are_scientific_units_ten_repetitions_nested
V1.0-F,decision_tree,HYBRID-K13,training,wall_time_sec,seconds,5,0.032311668200709395,0.001563903166921679,0.03016858230039361,0.03393492970135412,13,2912132,2912000,3140,DIRECT_COMPUTATIONAL,seeds_are_scientific_units_ten_repetitions_nested
V1.0-F,decision_tree,K42,inference,absolute_peak_rss_mib,MiB,5,157.83234375,0.11387854386979802,157.6515625,157.95703125,42,2016132,2016000,3780,DIRECT_COMPUTATIONAL,seeds_are_scientific_units_ten_repetitions_nested
V1.0-F,decision_tree,K42,inference,incremental_peak_rss_mib,MiB,5,0.4175,0.01895718861012887,0.3875,0.4375,42,2016132,2016000,3780,DIRECT_COMPUTATIONAL,seeds_are_scientific_units_ten_repetitions_nested
V1.0-F,decision_tree,K42,inference,inference_latency_sec,seconds,5,0.0057713953371902,0.003246114203104082,0.0031552122160121597,0.01135377942090372,42,2016132,2016000,3780,DIRECT_COMPUTATIONAL,seeds_are_scientific_units_ten_repetitions_nested
V1.0-F,decision_tree,K42,inference,monotonic_elapsed_sec,seconds,5,23.62086789193927,9.175184925956913,15.193287332799809,38.109191108495,42,2016132,2016000,3780,DIRECT_COMPUTATIONAL,seeds_are_scientific_units_ten_repetitions_nested
V1.0-F,decision_tree,K42,inference,per_record_latency_sec,seconds,5,9.618992228650332e-07,5.410190338506805e-07,5.258687026686933e-07,1.8922965701506202e-06,42,2016132,2016000,3780,DIRECT_COMPUTATIONAL,seeds_are_scientific_units_ten_repetitions_nested
V1.0-F,decision_tree,K42,inference,process_cpu_time_sec,seconds,5,3.0453859481000003,1.7366498605891958,1.628408056,6.0185284281,42,2016132,2016000,3780,DIRECT_COMPUTATIONAL,seeds_are_scientific_units_ten_repetitions_nested
V1.0-F,decision_tree,K42,inference,standby_gap_sec,seconds,5,5.099734698887915e-07,2.4781199862981584e-07,1.6121193766593933e-07,7.601091056130827e-07,42,2016132,2016000,3780,DIRECT_COMPUTATIONAL,seeds_are_scientific_units_ten_repetitions_nested
V1.0-F,decision_tree,K42,inference,throughput_records_sec,records/second,5,1466363.4459015634,570285.1375446407,669810.367379897,2075593.8699003123,42,2016132,2016000,3780,DIRECT_COMPUTATIONAL,seeds_are_scientific_units_ten_repetitions_nested
V1.0-F,decision_tree,K42,inference,wall_clock_elapsed_sec,seconds,5,23.16011465072632,8.88764103283755,14.958461046218872,37.09943804740906,42,2016132,2016000,3780,DIRECT_COMPUTATIONAL,seeds_are_scientific_units_ten_repetitions_nested
V1.0-F,decision_tree,K42,inference,wall_time_sec,seconds,5,2.9549544126413823,1.66201047198929,1.6154686545982258,5.813135063502704,42,2016132,2016000,3780,DIRECT_COMPUTATIONAL,seeds_are_scientific_units_ten_repetitions_nested
V1.0-F,decision_tree,K42,training,absolute_peak_rss_mib,MiB,5,170.06117187499999,0.05711052388549368,170.012890625,170.151171875,42,9408132,9408000,3780,DIRECT_COMPUTATIONAL,seeds_are_scientific_units_ten_repetitions_nested
V1.0-F,decision_tree,K42,training,incremental_peak_rss_mib,MiB,5,0.14500000000000002,0.011180339887498945,0.1375,0.1625,42,9408132,9408000,3780,DIRECT_COMPUTATIONAL,seeds_are_scientific_units_ten_repetitions_nested
V1.0-F,decision_tree,K42,training,inference_latency_sec,seconds,5,0.09546390990042711,0.00713990946004796,0.08738725090006483,0.10649831660048222,42,9408132,9408000,3780,DIRECT_COMPUTATIONAL,seeds_are_scientific_units_ten_repetitions_nested
V1.0-F,decision_tree,K42,training,monotonic_elapsed_sec,seconds,5,13.746685752859339,0.533779671290856,13.126063410999631,14.538959379299195,42,9408132,9408000,3780,DIRECT_COMPUTATIONAL,seeds_are_scientific_units_ten_repetitions_nested
V1.0-F,decision_tree,K42,training,per_record_latency_sec,seconds,5,3.4094253535866816e-06,2.5499676643028444e-07,3.1209732464308865e-06,3.803511307160079e-06,42,9408132,9408000,3780,DIRECT_COMPUTATIONAL,seeds_are_scientific_units_ten_repetitions_nested
V1.0-F,decision_tree,K42,training,process_cpu_time_sec,seconds,5,0.09758165388000002,0.007582567500738151,0.0875746613,0.10827454800000011,42,9408132,9408000,3780,DIRECT_COMPUTATIONAL,seeds_are_scientific_units_ten_repetitions_nested
V1.0-F,decision_tree,K42,training,standby_gap_sec,seconds,5,8.400256047025322e-07,1.562383198202402e-07,6.494003173429519e-07,1.0238312825094908e-06,42,9408132,9408000,3780,DIRECT_COMPUTATIONAL,seeds_are_scientific_units_ten_repetitions_nested
V1.0-F,decision_tree,K42,training,throughput_records_sec,records/second,5,296593.8779037789,22002.387230893084,264829.9568181257,324057.4559508547,42,9408132,9408000,3780,DIRECT_COMPUTATIONAL,seeds_are_scientific_units_ten_repetitions_nested
V1.0-F,decision_tree,K42,training,wall_clock_elapsed_sec,seconds,5,13.62526659011841,0.5798586814912549,12.785894179344178,14.341451454162598,42,9408132,9408000,3780,DIRECT_COMPUTATIONAL,seeds_are_scientific_units_ten_repetitions_nested
V1.0-F,decision_tree,K42,training,wall_time_sec,seconds,5,0.09546390990042711,0.00713990946004796,0.08738725090006483,0.10649831660048222,42,9408132,9408000,3780,DIRECT_COMPUTATIONAL,seeds_are_scientific_units_ten_repetitions_nested
V1.0-F,decision_tree,K43,inference,absolute_peak_rss_mib,MiB,5,157.92624999999998,0.10283621378305392,157.798828125,158.026171875,43,2064132,2064000,3796,DIRECT_COMPUTATIONAL,seeds_are_scientific_units_ten_repetitions_nested
V1.0-F,decision_tree,K43,inference,incremental_peak_rss_mib,MiB,5,0.3975,0.029843340965783307,0.3625,0.4375,43,2064132,2064000,3796,DIRECT_COMPUTATIONAL,seeds_are_scientific_units_ten_repetitions_nested
V1.0-F,decision_tree,K43,inference,inference_latency_sec,seconds,5,0.0041326811201167855,0.0014351136506408017,0.002424547492188367,0.00558263869257587,43,2064132,2064000,3796,DIRECT_COMPUTATIONAL,seeds_are_scientific_units_ten_repetitions_nested
V1.0-F,decision_tree,K43,inference,monotonic_elapsed_sec,seconds,5,19.643025380219914,5.529503548661004,13.419935722798254,26.233825409699783,43,2064132,2064000,3796,DIRECT_COMPUTATIONAL,seeds_are_scientific_units_ten_repetitions_nested
V1.0-F,decision_tree,K43,inference,per_record_latency_sec,seconds,5,6.887801866861309e-07,2.3918560844013363e-07,4.040912486980611e-07,9.304397820959783e-07,43,2064132,2064000,3796,DIRECT_COMPUTATIONAL,seeds_are_scientific_units_ten_repetitions_nested
V1.0-F,decision_tree,K43,inference,process_cpu_time_sec,seconds,5,2.18016076396,0.7829748658820597,1.2739084042000002,2.9889526801999997,43,2064132,2064000,3796,DIRECT_COMPUTATIONAL,seeds_are_scientific_units_ten_repetitions_nested
V1.0-F,decision_tree,K43,inference,standby_gap_sec,seconds,5,7.211076444946229e-07,3.114955008682481e-07,3.755645593628287e-07,1.1609678040258587e-06,43,2064132,2064000,3796,DIRECT_COMPUTATIONAL,seeds_are_scientific_units_ten_repetitions_nested
V1.0-F,decision_tree,K43,inference,throughput_records_sec,records/second,5,1777783.6847630553,598129.5019511601,1188082.4274418398,2497895.7054024218,43,2064132,2064000,3796,DIRECT_COMPUTATIONAL,seeds_are_scientific_units_ten_repetitions_nested
V1.0-F,decision_tree,K43,inference,wall_clock_elapsed_sec,seconds,5,19.347369022369385,5.4122074909918965,13.358679699897767,25.78776776790619,43,2064132,2064000,3796,DIRECT_COMPUTATIONAL,seeds_are_scientific_units_ten_repetitions_nested
V1.0-F,decision_tree,K43,inference,wall_time_sec,seconds,5,2.115932733499794,0.7347781891280905,1.2413683160004438,2.8583110105988454,43,2064132,2064000,3796,DIRECT_COMPUTATIONAL,seeds_are_scientific_units_ten_repetitions_nested
V1.0-F,decision_tree,K43,training,absolute_peak_rss_mib,MiB,5,170.421484375,0.02613541069855982,170.395703125,170.45,43,9632132,9632000,3796,DIRECT_COMPUTATIONAL,seeds_are_scientific_units_ten_repetitions_nested
V1.0-F,decision_tree,K43,training,incremental_peak_rss_mib,MiB,5,0.1525,0.020539595906443716,0.1375,0.175,43,9632132,9632000,3796,DIRECT_COMPUTATIONAL,seeds_are_scientific_units_ten_repetitions_nested
V1.0-F,decision_tree,K43,training,inference_latency_sec,seconds,5,0.10228979101972073,0.002847087402792203,0.09875314299933961,0.10584477139855153,43,9632132,9632000,3796,DIRECT_COMPUTATIONAL,seeds_are_scientific_units_ten_repetitions_nested
V1.0-F,decision_tree,K43,training,monotonic_elapsed_sec,seconds,5,14.094129949400378,0.37534246957576767,13.77494392590088,14.56374774040014,43,9632132,9632000,3796,DIRECT_COMPUTATIONAL,seeds_are_scientific_units_ten_repetitions_nested
V1.0-F,decision_tree,K43,training,per_record_latency_sec,seconds,5,3.653206822132883e-06,1.0168169295686431e-07,3.526897964262129e-06,3.780170407091126e-06,43,9632132,9632000,3796,DIRECT_COMPUTATIONAL,seeds_are_scientific_units_ten_repetitions_nested
V1.0-F,decision_tree,K43,training,process_cpu_time_sec,seconds,5,0.10430112510000007,0.0030280382068033395,0.10096809630000006,0.10838750020000001,43,9632132,9632000,3796,DIRECT_COMPUTATIONAL,seeds_are_scientific_units_ten_repetitions_nested
V1.0-F,decision_tree,K43,training,standby_gap_sec,seconds,5,8.37930419947952e-07,1.8080618848765948e-07,6.409492925740778e-07,1.023249205900356e-06,43,9632132,9632000,3796,DIRECT_COMPUTATIONAL,seeds_are_scientific_units_ten_repetitions_nested
V1.0-F,decision_tree,K43,training,throughput_records_sec,records/second,5,279861.4277031987,8611.69815933402,271156.7080373658,289626.6806304374,43,9632132,9632000,3796,DIRECT_COMPUTATIONAL,seeds_are_scientific_units_ten_repetitions_nested
V1.0-F,decision_tree,K43,training,wall_clock_elapsed_sec,seconds,5,13.961006650924682,0.28030717694553675,13.676680541038513,14.3663911819458,43,9632132,9632000,3796,DIRECT_COMPUTATIONAL,seeds_are_scientific_units_ten_repetitions_nested
V1.0-F,decision_tree,K43,training,wall_time_sec,seconds,5,0.10228979101972073,0.002847087402792203,0.09875314299933961,0.10584477139855153,43,9632132,9632000,3796,DIRECT_COMPUTATIONAL,seeds_are_scientific_units_ten_repetitions_nested
V1.0-F,decision_tree,MI-K11,inference,absolute_peak_rss_mib,MiB,5,155.75968749999998,0.1352057464461824,155.52734375,155.871875,11,528132,528000,3044,DIRECT_COMPUTATIONAL,seeds_are_scientific_units_ten_repetitions_nested
V1.0-F,decision_tree,MI-K11,inference,incremental_peak_rss_mib,MiB,5,0.4025,0.022360679774997894,0.375,0.4375,11,528132,528000,3044,DIRECT_COMPUTATIONAL,seeds_are_scientific_units_ten_repetitions_nested
V1.0-F,decision_tree,MI-K11,inference,inference_latency_sec,seconds,5,0.0036967204005071605,0.0025524632470040835,0.001960309237111346,0.00812977697206918,11,528132,528000,3044,DIRECT_COMPUTATIONAL,seeds_are_scientific_units_ten_repetitions_nested
V1.0-F,decision_tree,MI-K11,inference,monotonic_elapsed_sec,seconds,5,21.79398958337988,10.766679757920445,14.508718754901201,40.1435578966004,11,528132,528000,3044,DIRECT_COMPUTATIONAL,seeds_are_scientific_units_ten_repetitions_nested
V1.0-F,decision_tree,MI-K11,inference,per_record_latency_sec,seconds,5,6.161200667511936e-07,4.254105411673473e-07,3.2671820618522435e-07,1.3549628286781968e-06,11,528132,528000,3044,DIRECT_COMPUTATIONAL,seeds_are_scientific_units_ten_repetitions_nested
V1.0-F,decision_tree,MI-K11,inference,process_cpu_time_sec,seconds,5,1.93697642658,1.359906510513891,1.0092705549,4.2960029644999995,11,528132,528000,3044,DIRECT_COMPUTATIONAL,seeds_are_scientific_units_ten_repetitions_nested
V1.0-F,decision_tree,MI-K11,inference,standby_gap_sec,seconds,5,5.987571785226464e-07,3.490813647312443e-07,0.0,8.744136721361428e-07,11,528132,528000,3044,DIRECT_COMPUTATIONAL,seeds_are_scientific_units_ten_repetitions_nested
V1.0-F,decision_tree,MI-K11,inference,throughput_records_sec,records/second,5,2220735.942388977,924527.1412724258,906922.2609043003,3304085.8825127403,11,528132,528000,3044,DIRECT_COMPUTATIONAL,seeds_are_scientific_units_ten_repetitions_nested
V1.0-F,decision_tree,MI-K11,inference,wall_clock_elapsed_sec,seconds,5,21.448516597747805,10.479908465514775,14.432452654838562,39.26649215221405,11,528132,528000,3044,DIRECT_COMPUTATIONAL,seeds_are_scientific_units_ten_repetitions_nested
V1.0-F,decision_tree,MI-K11,inference,wall_time_sec,seconds,5,1.8927208450596662,1.3068611824660907,1.0036783294010092,4.16244580969942,11,528132,528000,3044,DIRECT_COMPUTATIONAL,seeds_are_scientific_units_ten_repetitions_nested
V1.0-F,decision_tree,MI-K11,training,absolute_peak_rss_mib,MiB,5,160.12484375,0.06251379242347005,160.027734375,160.198828125,11,2464132,2464000,3044,DIRECT_COMPUTATIONAL,seeds_are_scientific_units_ten_repetitions_nested
V1.0-F,decision_tree,MI-K11,training,incremental_peak_rss_mib,MiB,5,2.7649999999999997,0.027099354235848496,2.75,2.8125,11,2464132,2464000,3044,DIRECT_COMPUTATIONAL,seeds_are_scientific_units_ten_repetitions_nested
V1.0-F,decision_tree,MI-K11,training,inference_latency_sec,seconds,5,0.0501597121002851,0.005025487709749077,0.04568131409978378,0.05802724070090335,11,2464132,2464000,3044,DIRECT_COMPUTATIONAL,seeds_are_scientific_units_ten_repetitions_nested
V1.0-F,decision_tree,MI-K11,training,monotonic_elapsed_sec,seconds,5,13.445635667359747,0.21101499192161938,13.103466964900145,13.66212671270041,11,2464132,2464000,3044,DIRECT_COMPUTATIONAL,seeds_are_scientific_units_ten_repetitions_nested
V1.0-F,decision_tree,MI-K11,training,per_record_latency_sec,seconds,5,1.7914182892958968e-06,1.7948170391961e-07,1.6314755035637063e-06,2.0724014536036913e-06,11,2464132,2464000,3044,DIRECT_COMPUTATIONAL,seeds_are_scientific_units_ten_repetitions_nested
V1.0-F,decision_tree,MI-K11,training,process_cpu_time_sec,seconds,5,0.05120009290000003,0.005341223027970876,0.0465606036000001,0.05963762930000005,11,2464132,2464000,3044,DIRECT_COMPUTATIONAL,seeds_are_scientific_units_ten_repetitions_nested
V1.0-F,decision_tree,MI-K11,training,standby_gap_sec,seconds,5,9.001982107292861e-07,1.1266491277910172e-07,7.159236702136696e-07,9.73192072706297e-07,11,2464132,2464000,3044,DIRECT_COMPUTATIONAL,seeds_are_scientific_units_ten_repetitions_nested
V1.0-F,decision_tree,MI-K11,training,throughput_records_sec,records/second,5,573129.8749608174,53847.98217780237,489696.2195229304,624766.1808373228,11,2464132,2464000,3044,DIRECT_COMPUTATIONAL,seeds_are_scientific_units_ten_repetitions_nested
V1.0-F,decision_tree,MI-K11,training,wall_clock_elapsed_sec,seconds,5,13.355039563179016,0.3350006875497646,12.769994854927063,13.605752420425414,11,2464132,2464000,3044,DIRECT_COMPUTATIONAL,seeds_are_scientific_units_ten_repetitions_nested
V1.0-F,decision_tree,MI-K11,training,wall_time_sec,seconds,5,0.0501597121002851,0.005025487709749077,0.04568131409978378,0.05802724070090335,11,2464132,2464000,3044,DIRECT_COMPUTATIONAL,seeds_are_scientific_units_ten_repetitions_nested
V1.0-F,logistic_regression,BGWO-K14,inference,absolute_peak_rss_mib,MiB,5,155.56382812500001,0.1599845688054269,155.40390625,155.80703125,14,672132,672000,1494,DIRECT_COMPUTATIONAL,seeds_are_scientific_units_ten_repetitions_nested
V1.0-F,logistic_regression,BGWO-K14,inference,incremental_peak_rss_mib,MiB,5,0.4175,0.024366985862022406,0.3875,0.45,14,672132,672000,1494,DIRECT_COMPUTATIONAL,seeds_are_scientific_units_ten_repetitions_nested
V1.0-F,logistic_regression,BGWO-K14,inference,inference_latency_sec,seconds,5,0.0025593253939075566,0.0006949701896463261,0.0015136855455125443,0.003105411464845531,14,672132,672000,1494,DIRECT_COMPUTATIONAL,seeds_are_scientific_units_ten_repetitions_nested
V1.0-F,logistic_regression,BGWO-K14,inference,monotonic_elapsed_sec,seconds,5,17.21439841104002,3.712357013410872,11.895461677701679,21.460562436799954,14,672132,672000,1494,DIRECT_COMPUTATIONAL,seeds_are_scientific_units_ten_repetitions_nested
V1.0-F,logistic_regression,BGWO-K14,inference,per_record_latency_sec,seconds,5,4.2655423231792616e-07,1.1582836494105437e-07,2.522809242520907e-07,5.175685774742552e-07,14,672132,672000,1494,DIRECT_COMPUTATIONAL,seeds_are_scientific_units_ten_repetitions_nested
V1.0-F,logistic_regression,BGWO-K14,inference,process_cpu_time_sec,seconds,5,1.3328215671199999,0.3662299139913453,0.7757589302,1.6430926865,14,672132,672000,1494,DIRECT_COMPUTATIONAL,seeds_are_scientific_units_ten_repetitions_nested
V1.0-F,logistic_regression,BGWO-K14,inference,standby_gap_sec,seconds,5,6.74954935675487e-07,1.7450616433115005e-07,4.237066605128348e-07,8.609320502728224e-07,14,672132,672000,1494,DIRECT_COMPUTATIONAL,seeds_are_scientific_units_ten_repetitions_nested
V1.0-F,logistic_regression,BGWO-K14,inference,throughput_records_sec,records/second,5,2775699.5410489934,746669.7847829821,2063779.0626187131,4000115.5467401803,14,672132,672000,1494,DIRECT_COMPUTATIONAL,seeds_are_scientific_units_ten_repetitions_nested
V1.0-F,logistic_regression,BGWO-K14,inference,wall_clock_elapsed_sec,seconds,5,16.883805398941043,3.6852233115459763,11.619988894462585,21.258055758476257,14,672132,672000,1494,DIRECT_COMPUTATIONAL,seeds_are_scientific_units_ten_repetitions_nested
V1.0-F,logistic_regression,BGWO-K14,inference,wall_time_sec,seconds,5,1.310374601680669,0.355824737098919,0.7750069993024227,1.589970670000912,14,672132,672000,1494,DIRECT_COMPUTATIONAL,seeds_are_scientific_units_ten_repetitions_nested
V1.0-F,logistic_regression,BGWO-K14,training,absolute_peak_rss_mib,MiB,5,168.38703125,0.09589163513297926,168.27421875,168.516015625,14,3136132,3136000,1494,DIRECT_COMPUTATIONAL,seeds_are_scientific_units_ten_repetitions_nested
V1.0-F,logistic_regression,BGWO-K14,training,incremental_peak_rss_mib,MiB,5,10.52,0.01425219281373927,10.5,10.5375,14,3136132,3136000,1494,DIRECT_COMPUTATIONAL,seeds_are_scientific_units_ten_repetitions_nested
V1.0-F,logistic_regression,BGWO-K14,training,inference_latency_sec,seconds,5,0.07489462794008432,0.011520369455276007,0.06010463839920703,0.09193343780134455,14,3136132,3136000,1494,DIRECT_COMPUTATIONAL,seeds_are_scientific_units_ten_repetitions_nested
V1.0-F,logistic_regression,BGWO-K14,training,monotonic_elapsed_sec,seconds,5,13.965597967720242,0.2717764228173148,13.576133945099718,14.323389339500864,14,3136132,3136000,1494,DIRECT_COMPUTATIONAL,seeds_are_scientific_units_ten_repetitions_nested
V1.0-F,logistic_regression,BGWO-K14,training,per_record_latency_sec,seconds,5,2.674808140717297e-06,4.1144176625985736e-07,2.1465942285431084e-06,3.283337064333734e-06,14,3136132,3136000,1494,DIRECT_COMPUTATIONAL,seeds_are_scientific_units_ten_repetitions_nested
V1.0-F,logistic_regression,BGWO-K14,training,process_cpu_time_sec,seconds,5,0.07700933724000003,0.012348956726234742,0.061000671899999984,0.0950830565,14,3136132,3136000,1494,DIRECT_COMPUTATIONAL,seeds_are_scientific_units_ten_repetitions_nested
V1.0-F,logistic_regression,BGWO-K14,training,standby_gap_sec,seconds,5,8.421098755206913e-07,1.3820315131829301e-07,6.583482900168746e-07,1.0013041901402176e-06,14,3136132,3136000,1494,DIRECT_COMPUTATIONAL,seeds_are_scientific_units_ten_repetitions_nested
V1.0-F,logistic_regression,BGWO-K14,training,throughput_records_sec,records/second,5,386333.326828462,56804.065154744705,314017.1459045806,470023.0332634896,14,3136132,3136000,1494,DIRECT_COMPUTATIONAL,seeds_are_scientific_units_ten_repetitions_nested
V1.0-F,logistic_regression,BGWO-K14,training,wall_clock_elapsed_sec,seconds,5,13.879715847969056,0.2733407780360563,13.576134872436523,14.323390340805053,14,3136132,3136000,1494,DIRECT_COMPUTATIONAL,seeds_are_scientific_units_ten_repetitions_nested
V1.0-F,logistic_regression,BGWO-K14,training,wall_time_sec,seconds,5,0.07489462794008432,0.011520369455276007,0.06010463839920703,0.09193343780134455,14,3136132,3136000,1494,DIRECT_COMPUTATIONAL,seeds_are_scientific_units_ten_repetitions_nested
V1.0-F,logistic_regression,BPSO-K10,inference,absolute_peak_rss_mib,MiB,5,155.458125,0.19752871533979235,155.19453125,155.7125,10,480132,480000,1382,DIRECT_COMPUTATIONAL,seeds_are_scientific_units_ten_repetitions_nested
V1.0-F,logistic_regression,BPSO-K10,inference,incremental_peak_rss_mib,MiB,5,0.40750000000000003,0.03601215072721984,0.375,0.4625,10,480132,480000,1382,DIRECT_COMPUTATIONAL,seeds_are_scientific_units_ten_repetitions_nested
V1.0-F,logistic_regression,BPSO-K10,inference,inference_latency_sec,seconds,5,0.0028539931161307664,0.0010469314728862973,0.0018860489115184009,0.004617157009764128,10,480132,480000,1382,DIRECT_COMPUTATIONAL,seeds_are_scientific_units_ten_repetitions_nested
V1.0-F,logistic_regression,BPSO-K10,inference,monotonic_elapsed_sec,seconds,5,17.897326697280953,3.7857165844690095,13.381354686999112,23.455457734400987,10,480132,480000,1382,DIRECT_COMPUTATIONAL,seeds_are_scientific_units_ten_repetitions_nested
V1.0-F,logistic_regression,BPSO-K10,inference,per_record_latency_sec,seconds,5,4.756655193551277e-07,1.7448857881438284e-07,3.143414852530668e-07,7.695261682940213e-07,10,480132,480000,1382,DIRECT_COMPUTATIONAL,seeds_are_scientific_units_ten_repetitions_nested
V1.0-F,logistic_regression,BPSO-K10,inference,process_cpu_time_sec,seconds,5,1.48161649674,0.5579024273671711,0.9686378527999999,2.4236890602,10,480132,480000,1382,DIRECT_COMPUTATIONAL,seeds_are_scientific_units_ten_repetitions_nested
V1.0-F,logistic_regression,BPSO-K10,inference,standby_gap_sec,seconds,5,6.371762719936669e-07,2.81220566240142e-07,3.6944111343473195e-07,1.0685216693673283e-06,10,480132,480000,1382,DIRECT_COMPUTATIONAL,seeds_are_scientific_units_ten_repetitions_nested
V1.0-F,logistic_regression,BPSO-K10,inference,throughput_records_sec,records/second,5,2536404.8151966743,639921.2500569394,1659210.21895509,3450452.707922928,10,480132,480000,1382,DIRECT_COMPUTATIONAL,seeds_are_scientific_units_ten_repetitions_nested
V1.0-F,logistic_regression,BPSO-K10,inference,wall_clock_elapsed_sec,seconds,5,17.545281558036805,3.8118299805626696,13.049831700325011,23.25922033786774,10,480132,480000,1382,DIRECT_COMPUTATIONAL,seeds_are_scientific_units_ten_repetitions_nested
V1.0-F,logistic_regression,BPSO-K10,inference,wall_time_sec,seconds,5,1.4612444754589524,0.5360289141177842,0.9656570426974213,2.3639843889992336,10,480132,480000,1382,DIRECT_COMPUTATIONAL,seeds_are_scientific_units_ten_repetitions_nested
V1.0-F,logistic_regression,BPSO-K10,training,absolute_peak_rss_mib,MiB,5,165.240625,0.06539148838288343,165.14609375,165.295703125,10,2240132,2240000,1382,DIRECT_COMPUTATIONAL,seeds_are_scientific_units_ten_repetitions_nested
V1.0-F,logistic_regression,BPSO-K10,training,incremental_peak_rss_mib,MiB,5,6.0200000000000005,0.014252192813739155,6.0,6.0375,10,2240132,2240000,1382,DIRECT_COMPUTATIONAL,seeds_are_scientific_units_ten_repetitions_nested
V1.0-F,logistic_regression,BPSO-K10,training,inference_latency_sec,seconds,5,0.050697755460278125,0.010384165931599692,0.03614467510196846,0.06037536319927313,10,2240132,2240000,1382,DIRECT_COMPUTATIONAL,seeds_are_scientific_units_ten_repetitions_nested
V1.0-F,logistic_regression,BPSO-K10,training,monotonic_elapsed_sec,seconds,5,13.772245097799896,0.45255295045495947,13.133009960299386,14.236547455500112,10,2240132,2240000,1382,DIRECT_COMPUTATIONAL,seeds_are_scientific_units_ten_repetitions_nested
V1.0-F,logistic_regression,BPSO-K10,training,per_record_latency_sec,seconds,5,1.8106341235813618e-06,3.708630689857033e-07,1.2908812536417307e-06,2.1562629714026117e-06,10,2240132,2240000,1382,DIRECT_COMPUTATIONAL,seeds_are_scientific_units_ten_repetitions_nested
V1.0-F,logistic_regression,BPSO-K10,training,process_cpu_time_sec,seconds,5,0.05186491738000003,0.010852579198104503,0.03731294890000001,0.062490519500000105,10,2240132,2240000,1382,DIRECT_COMPUTATIONAL,seeds_are_scientific_units_ten_repetitions_nested
V1.0-F,logistic_regression,BPSO-K10,training,standby_gap_sec,seconds,5,8.299366163555532e-07,1.5431388664326633e-07,6.515721906907856e-07,9.93784487945959e-07,10,2240132,2240000,1382,DIRECT_COMPUTATIONAL,seeds_are_scientific_units_ten_repetitions_nested
V1.0-F,logistic_regression,BPSO-K10,training,throughput_records_sec,records/second,5,583196.0784094584,128932.71048626752,469134.9168235273,778529.9740794935,10,2240132,2240000,1382,DIRECT_COMPUTATIONAL,seeds_are_scientific_units_ten_repetitions_nested
V1.0-F,logistic_regression,BPSO-K10,training,wall_clock_elapsed_sec,seconds,5,13.659387030601502,0.3280914684380703,13.133010816574096,13.988526606559754,10,2240132,2240000,1382,DIRECT_COMPUTATIONAL,seeds_are_scientific_units_ten_repetitions_nested
V1.0-F,logistic_regression,BPSO-K10,training,wall_time_sec,seconds,5,0.050697755460278125,0.010384165931599692,0.03614467510196846,0.06037536319927313,10,2240132,2240000,1382,DIRECT_COMPUTATIONAL,seeds_are_scientific_units_ten_repetitions_nested
V1.0-F,logistic_regression,HYBRID-K13,inference,absolute_peak_rss_mib,MiB,5,155.497890625,0.061104164113991895,155.40546875,155.574609375,13,624132,624000,1462,DIRECT_COMPUTATIONAL,seeds_are_scientific_units_ten_repetitions_nested
V1.0-F,logistic_regression,HYBRID-K13,inference,incremental_peak_rss_mib,MiB,5,0.4025,0.027099354235848496,0.375,0.4375,13,624132,624000,1462,DIRECT_COMPUTATIONAL,seeds_are_scientific_units_ten_repetitions_nested
V1.0-F,logistic_regression,HYBRID-K13,inference,inference_latency_sec,seconds,5,0.003690489187889625,0.0020727805146666728,0.0016750495310503765,0.006862565870122239,13,624132,624000,1462,DIRECT_COMPUTATIONAL,seeds_are_scientific_units_ten_repetitions_nested
V1.0-F,logistic_regression,HYBRID-K13,inference,monotonic_elapsed_sec,seconds,5,20.771615236259386,7.9504354104346495,12.680905491299928,32.67543859849684,13,624132,624000,1462,DIRECT_COMPUTATIONAL,seeds_are_scientific_units_ten_repetitions_nested
V1.0-F,logistic_regression,HYBRID-K13,inference,per_record_latency_sec,seconds,5,6.150815313149375e-07,3.4546341911111213e-07,2.7917492184172945e-07,1.1437609783537066e-06,13,624132,624000,1462,DIRECT_COMPUTATIONAL,seeds_are_scientific_units_ten_repetitions_nested
V1.0-F,logistic_regression,HYBRID-K13,inference,process_cpu_time_sec,seconds,5,1.9321850262399998,1.0937514533513577,0.8608736052999999,3.5957160461,13,624132,624000,1462,DIRECT_COMPUTATIONAL,seeds_are_scientific_units_ten_repetitions_nested
V1.0-F,logistic_regression,HYBRID-K13,inference,standby_gap_sec,seconds,5,6.43209059489891e-07,2.6275234414677e-07,2.6381603674963116e-07,8.874667400959879e-07,13,624132,624000,1462,DIRECT_COMPUTATIONAL,seeds_are_scientific_units_ten_repetitions_nested
V1.0-F,logistic_regression,HYBRID-K13,inference,throughput_records_sec,records/second,5,2370661.682186031,970256.4375085671,1211974.0502405977,3723103.927388898,13,624132,624000,1462,DIRECT_COMPUTATIONAL,seeds_are_scientific_units_ten_repetitions_nested
V1.0-F,logistic_regression,HYBRID-K13,inference,wall_clock_elapsed_sec,seconds,5,20.394199652671812,7.777388358170296,12.390730047225953,31.98141417503357,13,624132,624000,1462,DIRECT_COMPUTATIONAL,seeds_are_scientific_units_ten_repetitions_nested
V1.0-F,logistic_regression,HYBRID-K13,inference,wall_time_sec,seconds,5,1.889530464199488,1.0612636235093365,0.8576253598977928,3.5136337255025865,13,624132,624000,1462,DIRECT_COMPUTATIONAL,seeds_are_scientific_units_ten_repetitions_nested
V1.0-F,logistic_regression,HYBRID-K13,training,absolute_peak_rss_mib,MiB,5,166.676640625,0.031065618162786256,166.640234375,166.72421875,13,2912132,2912000,1462,DIRECT_COMPUTATIONAL,seeds_are_scientific_units_ten_repetitions_nested
V1.0-F,logistic_regression,HYBRID-K13,training,incremental_peak_rss_mib,MiB,5,9.0175,0.01425219281373927,9.0,9.0375,13,2912132,2912000,1462,DIRECT_COMPUTATIONAL,seeds_are_scientific_units_ten_repetitions_nested
V1.0-F,logistic_regression,HYBRID-K13,training,inference_latency_sec,seconds,5,0.056675407739821826,0.009977043507557926,0.04785162799962563,0.07285650780104333,13,2912132,2912000,1462,DIRECT_COMPUTATIONAL,seeds_are_scientific_units_ten_repetitions_nested
V1.0-F,logistic_regression,HYBRID-K13,training,monotonic_elapsed_sec,seconds,5,13.553435500000342,0.20622218319383326,13.232818334199692,13.78275469729997,13,2912132,2912000,1462,DIRECT_COMPUTATIONAL,seeds_are_scientific_units_ten_repetitions_nested
V1.0-F,logistic_regression,HYBRID-K13,training,per_record_latency_sec,seconds,5,2.0241217049936363e-06,3.563229824127831e-07,1.7089867142723443e-06,2.602018135751548e-06,13,2912132,2912000,1462,DIRECT_COMPUTATIONAL,seeds_are_scientific_units_ten_repetitions_nested
V1.0-F,logistic_regression,HYBRID-K13,training,process_cpu_time_sec,seconds,5,0.058288797260000025,0.010452358892424133,0.04848682599999998,0.07510903960000004,13,2912132,2912000,1462,DIRECT_COMPUTATIONAL,seeds_are_scientific_units_ten_repetitions_nested
V1.0-F,logistic_regression,HYBRID-K13,training,standby_gap_sec,seconds,5,9.999495523516088e-07,1.6812215551018622e-07,7.556736818514764e-07,1.2099109881091862e-06,13,2912132,2912000,1462,DIRECT_COMPUTATIONAL,seeds_are_scientific_units_ten_repetitions_nested
V1.0-F,logistic_regression,HYBRID-K13,training,throughput_records_sec,records/second,5,511223.0694669594,81700.59231125607,387518.5780039544,595006.5600217336,13,2912132,2912000,1462,DIRECT_COMPUTATIONAL,seeds_are_scientific_units_ten_repetitions_nested
V1.0-F,logistic_regression,HYBRID-K13,training,wall_clock_elapsed_sec,seconds,5,13.51047873020172,0.1647022200629845,13.232819366455079,13.655915927886962,13,2912132,2912000,1462,DIRECT_COMPUTATIONAL,seeds_are_scientific_units_ten_repetitions_nested
V1.0-F,logistic_regression,HYBRID-K13,training,wall_time_sec,seconds,5,0.056675407739821826,0.009977043507557926,0.04785162799962563,0.07285650780104333,13,2912132,2912000,1462,DIRECT_COMPUTATIONAL,seeds_are_scientific_units_ten_repetitions_nested
V1.0-F,logistic_regression,K42,inference,absolute_peak_rss_mib,MiB,5,156.9659375,0.14602621057469864,156.81328125,157.132421875,42,2016132,2016000,2326,DIRECT_COMPUTATIONAL,seeds_are_scientific_units_ten_repetitions_nested
V1.0-F,logistic_regression,K42,inference,incremental_peak_rss_mib,MiB,5,0.40750000000000003,0.018957188610128864,0.3875,0.425,42,2016132,2016000,2326,DIRECT_COMPUTATIONAL,seeds_are_scientific_units_ten_repetitions_nested
V1.0-F,logistic_regression,K42,inference,inference_latency_sec,seconds,5,0.003977650749766326,0.0011786661729521462,0.0028004404222627954,0.00543695609902386,42,2016132,2016000,2326,DIRECT_COMPUTATIONAL,seeds_are_scientific_units_ten_repetitions_nested
V1.0-F,logistic_regression,K42,inference,monotonic_elapsed_sec,seconds,5,20.563509327858917,4.261545504352115,16.388581324799453,25.97078515879839,42,2016132,2016000,2326,DIRECT_COMPUTATIONAL,seeds_are_scientific_units_ten_repetitions_nested
V1.0-F,logistic_regression,K42,inference,per_record_latency_sec,seconds,5,6.62941791627721e-07,1.9644436215869096e-07,4.6674007037713263e-07,9.061593498373099e-07,42,2016132,2016000,2326,DIRECT_COMPUTATIONAL,seeds_are_scientific_units_ten_repetitions_nested
V1.0-F,logistic_regression,K42,inference,process_cpu_time_sec,seconds,5,2.0870144444600003,0.6411022282086992,1.4510455048,2.8872361065000005,42,2016132,2016000,2326,DIRECT_COMPUTATIONAL,seeds_are_scientific_units_ten_repetitions_nested
V1.0-F,logistic_regression,K42,inference,standby_gap_sec,seconds,5,7.278023986145854e-07,1.5676715038368123e-07,4.999717930331827e-07,8.830080332700163e-07,42,2016132,2016000,2326,DIRECT_COMPUTATIONAL,seeds_are_scientific_units_ten_repetitions_nested
V1.0-F,logistic_regression,K42,inference,throughput_records_sec,records/second,5,1740766.539468286,388927.70309984457,1249370.9592312824,2187282.6979110353,42,2016132,2016000,2326,DIRECT_COMPUTATIONAL,seeds_are_scientific_units_ten_repetitions_nested
V1.0-F,logistic_regression,K42,inference,wall_clock_elapsed_sec,seconds,5,20.171860818862918,4.163245421103164,16.004524302482604,25.374058198928832,42,2016132,2016000,2326,DIRECT_COMPUTATIONAL,seeds_are_scientific_units_ten_repetitions_nested
V1.0-F,logistic_regression,K42,inference,wall_time_sec,seconds,5,2.036557183880359,0.6034770805514988,1.4338254961985513,2.7837215227002163,42,2016132,2016000,2326,DIRECT_COMPUTATIONAL,seeds_are_scientific_units_ten_repetitions_nested
V1.0-F,logistic_regression,K42,training,absolute_peak_rss_mib,MiB,5,185.164296875,0.06610951625634484,185.069921875,185.238671875,42,9408132,9408000,2326,DIRECT_COMPUTATIONAL,seeds_are_scientific_units_ten_repetitions_nested
V1.0-F,logistic_regression,K42,training,incremental_peak_rss_mib,MiB,5,21.2725,0.010458250331676624,21.2625,21.2875,42,9408132,9408000,2326,DIRECT_COMPUTATIONAL,seeds_are_scientific_units_ten_repetitions_nested
V1.0-F,logistic_regression,K42,training,inference_latency_sec,seconds,5,0.23141361316025724,0.0551821368565075,0.16212879470040206,0.29126299530180405,42,9408132,9408000,2326,DIRECT_COMPUTATIONAL,seeds_are_scientific_units_ten_repetitions_nested
V1.0-F,logistic_regression,K42,training,monotonic_elapsed_sec,seconds,5,14.170863354339673,0.6754803016332084,12.966925851498672,14.536035587099468,42,9408132,9408000,2326,DIRECT_COMPUTATIONAL,seeds_are_scientific_units_ten_repetitions_nested
V1.0-F,logistic_regression,K42,training,per_record_latency_sec,seconds,5,8.264771898580614e-06,1.9707906020181242e-06,5.790314096442931e-06,1.0402249832207286e-05,42,9408132,9408000,2326,DIRECT_COMPUTATIONAL,seeds_are_scientific_units_ten_repetitions_nested
V1.0-F,logistic_regression,K42,training,process_cpu_time_sec,seconds,5,0.23917645067999999,0.058634155639614424,0.1670592253,0.3030464644,42,9408132,9408000,2326,DIRECT_COMPUTATIONAL,seeds_are_scientific_units_ten_repetitions_nested
V1.0-F,logistic_regression,K42,training,standby_gap_sec,seconds,5,9.81977063929662e-07,2.57521280156954e-07,5.735877493862063e-07,1.1706033546943218e-06,42,9408132,9408000,2326,DIRECT_COMPUTATIONAL,seeds_are_scientific_units_ten_repetitions_nested
V1.0-F,logistic_regression,K42,training,throughput_records_sec,records/second,5,128300.3376263219,32542.067518164113,97113.2925496785,175212.44681072235,42,9408132,9408000,2326,DIRECT_COMPUTATIONAL,seeds_are_scientific_units_ten_repetitions_nested
V1.0-F,logistic_regression,K42,training,wall_clock_elapsed_sec,seconds,5,14.095903825759887,0.6892495397327121,12.91034300327301,14.536036705970764,42,9408132,9408000,2326,DIRECT_COMPUTATIONAL,seeds_are_scientific_units_ten_repetitions_nested
V1.0-F,logistic_regression,K42,training,wall_time_sec,seconds,5,0.23141361316025724,0.0551821368565075,0.16212879470040206,0.29126299530180405,42,9408132,9408000,2326,DIRECT_COMPUTATIONAL,seeds_are_scientific_units_ten_repetitions_nested
V1.0-F,logistic_regression,K43,inference,absolute_peak_rss_mib,MiB,5,157.008359375,0.17957061415707992,156.8109375,157.20546875,43,2064132,2064000,2358,DIRECT_COMPUTATIONAL,seeds_are_scientific_units_ten_repetitions_nested
V1.0-F,logistic_regression,K43,inference,incremental_peak_rss_mib,MiB,5,0.3975,0.02404423007708918,0.375,0.4375,43,2064132,2064000,2358,DIRECT_COMPUTATIONAL,seeds_are_scientific_units_ten_repetitions_nested
V1.0-F,logistic_regression,K43,inference,inference_latency_sec,seconds,5,0.003390208371211543,0.0007224877585145653,0.0026890568667937488,0.004549259237890624,43,2064132,2064000,2358,DIRECT_COMPUTATIONAL,seeds_are_scientific_units_ten_repetitions_nested
V1.0-F,logistic_regression,K43,inference,monotonic_elapsed_sec,seconds,5,18.613560607399705,3.5441309422506655,15.089579544500157,24.39098409609942,43,2064132,2064000,2358,DIRECT_COMPUTATIONAL,seeds_are_scientific_units_ten_repetitions_nested
V1.0-F,logistic_regression,K43,inference,per_record_latency_sec,seconds,5,5.650347285352571e-07,1.2041462641909428e-07,4.481761444656248e-07,7.582098729817707e-07,43,2064132,2064000,2358,DIRECT_COMPUTATIONAL,seeds_are_scientific_units_ten_repetitions_nested
V1.0-F,logistic_regression,K43,inference,process_cpu_time_sec,seconds,5,1.7595106622599999,0.39660912420521705,1.3898669899,2.4009393845,43,2064132,2064000,2358,DIRECT_COMPUTATIONAL,seeds_are_scientific_units_ten_repetitions_nested
V1.0-F,logistic_regression,K43,inference,standby_gap_sec,seconds,5,5.971131031401456e-07,1.7196986131351116e-07,4.454326699487865e-07,8.630107913631946e-07,43,2064132,2064000,2358,DIRECT_COMPUTATIONAL,seeds_are_scientific_units_ten_repetitions_nested
V1.0-F,logistic_regression,K43,inference,throughput_records_sec,records/second,5,1927047.4398320455,349332.70611511974,1422961.2201773303,2266826.7154401653,43,2064132,2064000,2358,DIRECT_COMPUTATIONAL,seeds_are_scientific_units_ten_repetitions_nested
V1.0-F,logistic_regression,K43,inference,wall_clock_elapsed_sec,seconds,5,18.25425769805908,3.5635224970659976,14.859963870048523,24.125237464904785,43,2064132,2064000,2358,DIRECT_COMPUTATIONAL,seeds_are_scientific_units_ten_repetitions_nested
V1.0-F,logistic_regression,K43,inference,wall_time_sec,seconds,5,1.73578668606031,0.36991373235945746,1.3767971157983994,2.3292207297999994,43,2064132,2064000,2358,DIRECT_COMPUTATIONAL,seeds_are_scientific_units_ten_repetitions_nested
V1.0-F,logistic_regression,K43,training,absolute_peak_rss_mib,MiB,5,186.00875000000002,0.09850823661330717,185.844921875,186.087890625,43,9632132,9632000,2358,DIRECT_COMPUTATIONAL,seeds_are_scientific_units_ten_repetitions_nested
V1.0-F,logistic_regression,K43,training,incremental_peak_rss_mib,MiB,5,21.895,0.025920551691659632,21.875,21.9375,43,9632132,9632000,2358,DIRECT_COMPUTATIONAL,seeds_are_scientific_units_ten_repetitions_nested
V1.0-F,logistic_regression,K43,training,inference_latency_sec,seconds,5,0.2503962959197815,0.049603870992346664,0.18940467609936604,0.3029574826017779,43,9632132,9632000,2358,DIRECT_COMPUTATIONAL,seeds_are_scientific_units_ten_repetitions_nested
V1.0-F,logistic_regression,K43,training,monotonic_elapsed_sec,seconds,5,14.217734948140423,0.31582983738224024,13.79700139090055,14.501486226700218,43,9632132,9632000,2358,DIRECT_COMPUTATIONAL,seeds_are_scientific_units_ten_repetitions_nested
V1.0-F,logistic_regression,K43,training,per_record_latency_sec,seconds,5,8.942724854277912e-06,1.7715668211552374e-06,6.764452717834501e-06,1.0819910092920638e-05,43,9632132,9632000,2358,DIRECT_COMPUTATIONAL,seeds_are_scientific_units_ten_repetitions_nested
V1.0-F,logistic_regression,K43,training,process_cpu_time_sec,seconds,5,0.25882071764,0.05172188632141517,0.19580437879999998,0.31468981420000003,43,9632132,9632000,2358,DIRECT_COMPUTATIONAL,seeds_are_scientific_units_ten_repetitions_nested
V1.0-F,logistic_regression,K43,training,standby_gap_sec,seconds,5,9.84985672403127e-07,2.857005491575931e-07,6.878559361211955e-07,1.4337078027892857e-06,43,9632132,9632000,2358,DIRECT_COMPUTATIONAL,seeds_are_scientific_units_ten_repetitions_nested
V1.0-F,logistic_regression,K43,training,throughput_records_sec,records/second,5,116942.7014486439,24964.700552835624,93193.64604245544,150347.88766845694,43,9632132,9632000,2358,DIRECT_COMPUTATIONAL,seeds_are_scientific_units_ten_repetitions_nested
V1.0-F,logistic_regression,K43,training,wall_clock_elapsed_sec,seconds,5,14.153101472854615,0.35728307621802696,13.612511730194091,14.50148766040802,43,9632132,9632000,2358,DIRECT_COMPUTATIONAL,seeds_are_scientific_units_ten_repetitions_nested
V1.0-F,logistic_regression,K43,training,wall_time_sec,seconds,5,0.2503962959197815,0.049603870992346664,0.18940467609936604,0.3029574826017779,43,9632132,9632000,2358,DIRECT_COMPUTATIONAL,seeds_are_scientific_units_ten_repetitions_nested
V1.0-F,logistic_regression,MI-K11,inference,absolute_peak_rss_mib,MiB,5,155.321953125,0.08103440069920703,155.2265625,155.433203125,11,528132,528000,1350,DIRECT_COMPUTATIONAL,seeds_are_scientific_units_ten_repetitions_nested
V1.0-F,logistic_regression,MI-K11,inference,incremental_peak_rss_mib,MiB,5,0.39249999999999996,0.018957188610128878,0.3625,0.4125,11,528132,528000,1350,DIRECT_COMPUTATIONAL,seeds_are_scientific_units_ten_repetitions_nested
V1.0-F,logistic_regression,MI-K11,inference,inference_latency_sec,seconds,5,0.003242353438828331,0.0010902681307255282,0.0017637142751979694,0.004339848283791525,11,528132,528000,1350,DIRECT_COMPUTATIONAL,seeds_are_scientific_units_ten_repetitions_nested
V1.0-F,logistic_regression,MI-K11,inference,monotonic_elapsed_sec,seconds,5,19.933840039321222,5.018395769011667,12.959849896199739,24.696021894502337,11,528132,528000,1350,DIRECT_COMPUTATIONAL,seeds_are_scientific_units_ten_repetitions_nested
V1.0-F,logistic_regression,MI-K11,inference,per_record_latency_sec,seconds,5,5.403922398047219e-07,1.8171135512092133e-07,2.9395237919966156e-07,7.233080472985876e-07,11,528132,528000,1350,DIRECT_COMPUTATIONAL,seeds_are_scientific_units_ten_repetitions_nested
V1.0-F,logistic_regression,MI-K11,inference,process_cpu_time_sec,seconds,5,1.6860385846,0.5719005361357455,0.9100449935999999,2.2462903995,11,528132,528000,1350,DIRECT_COMPUTATIONAL,seeds_are_scientific_units_ten_repetitions_nested
V1.0-F,logistic_regression,MI-K11,inference,standby_gap_sec,seconds,5,1.6957361367531122e-06,2.7803480416574996e-06,1.614651409909129e-07,6.654205935774371e-06,11,528132,528000,1350,DIRECT_COMPUTATIONAL,seeds_are_scientific_units_ten_repetitions_nested
V1.0-F,logistic_regression,MI-K11,inference,throughput_records_sec,records/second,5,2465696.1206878102,685390.4293726571,1764099.7896021134,3546925.924621704,11,528132,528000,1350,DIRECT_COMPUTATIONAL,seeds_are_scientific_units_ten_repetitions_nested
V1.0-F,logistic_regression,MI-K11,inference,wall_clock_elapsed_sec,seconds,5,19.566364645957947,4.907539455991753,12.816892004013061,24.062545442581175,11,528132,528000,1350,DIRECT_COMPUTATIONAL,seeds_are_scientific_units_ten_repetitions_nested
V1.0-F,logistic_regression,MI-K11,inference,wall_time_sec,seconds,5,1.6600849606801056,0.5582172829314704,0.9030217089013604,2.222002321301261,11,528132,528000,1350,DIRECT_COMPUTATIONAL,seeds_are_scientific_units_ten_repetitions_nested
V1.0-F,logistic_regression,MI-K11,training,absolute_peak_rss_mib,MiB,5,168.025234375,0.31391398851834657,167.469921875,168.226953125,11,2464132,2464000,1350,DIRECT_COMPUTATIONAL,seeds_are_scientific_units_ten_repetitions_nested
V1.0-F,logistic_regression,MI-K11,training,incremental_peak_rss_mib,MiB,5,10.7625,0.2795084971874737,10.2625,10.8875,11,2464132,2464000,1350,DIRECT_COMPUTATIONAL,seeds_are_scientific_units_ten_repetitions_nested
V1.0-F,logistic_regression,MI-K11,training,inference_latency_sec,seconds,5,0.03944783740051207,0.004832471879464035,0.033969810599228364,0.04709400080100749,11,2464132,2464000,1350,DIRECT_COMPUTATIONAL,seeds_are_scientific_units_ten_repetitions_nested
V1.0-F,logistic_regression,MI-K11,training,monotonic_elapsed_sec,seconds,5,13.490519133680209,0.37895075187435817,13.10623207610115,13.94470481570097,11,2464132,2464000,1350,DIRECT_COMPUTATIONAL,seeds_are_scientific_units_ten_repetitions_nested
V1.0-F,logistic_regression,MI-K11,training,per_record_latency_sec,seconds,5,1.408851335732574e-06,1.7258828140942986e-07,1.213207521401013e-06,1.681928600035982e-06,11,2464132,2464000,1350,DIRECT_COMPUTATIONAL,seeds_are_scientific_units_ten_repetitions_nested
V1.0-F,logistic_regression,MI-K11,training,process_cpu_time_sec,seconds,5,0.04032063857999994,0.00506049982061324,0.034956575399999947,0.04847079409999995,11,2464132,2464000,1350,DIRECT_COMPUTATIONAL,seeds_are_scientific_units_ten_repetitions_nested
V1.0-F,logistic_regression,MI-K11,training,standby_gap_sec,seconds,5,8.894421625882387e-07,2.5460065475307683e-07,4.6473796828649937e-07,1.0997500794474036e-06,11,2464132,2464000,1350,DIRECT_COMPUTATIONAL,seeds_are_scientific_units_ten_repetitions_nested
V1.0-F,logistic_regression,MI-K11,training,throughput_records_sec,records/second,5,735499.1098887272,91147.94999221957,598552.7416709666,836453.1968097675,11,2464132,2464000,1350,DIRECT_COMPUTATIONAL,seeds_are_scientific_units_ten_repetitions_nested
V1.0-F,logistic_regression,MI-K11,training,wall_clock_elapsed_sec,seconds,5,13.370371856689454,0.4119437045129439,12.847832131385804,13.944705915451049,11,2464132,2464000,1350,DIRECT_COMPUTATIONAL,seeds_are_scientific_units_ten_repetitions_nested
V1.0-F,logistic_regression,MI-K11,training,wall_time_sec,seconds,5,0.03944783740051207,0.004832471879464035,0.033969810599228364,0.04709400080100749,11,2464132,2464000,1350,DIRECT_COMPUTATIONAL,seeds_are_scientific_units_ten_repetitions_nested
